GeneName	PMID	PublicationYear
AFF2	35431806	2022
AFF2	34111553	2021
AFF2	25171808	2014
AFF2	24763282	2014
AFF2	24578575	2014
AFF2	21739600	2011
AFF2	21254876	2011
AFF2	21051337	2010
AFF2	17635840	2007
AFF2	16469443	2006
AFF2	10780779	2000
AFF2	10674158	2000
AFF2	10424820	1999
AFF2	9630071	1998
AFF2	9415473	1998
AFF2	9341861	1997
AFF2	8755928	1996
AFF2	8673086	1996
AFF2	7881407	1994
AFF2	8023854	1994
AFF2	8118462	1994
AFF2	8334699	1993
AFF3	24763282	2014
AR	38070873	2023
AR	38039182	2023
AR	37895217	2023
AR	37797921	2023
AR	37551886	2023
AR	37269008	2023
AR	36988133	2023
AR	36797998	2023
AR	36717478	2023
AR	36701310	2023
AR	36599645	2023
AR	36516086	2022
AR	36399603	2022
AR	36137740	2022
AR	36064847	2022
AR	35982373	2022
AR	35867854	2022
AR	35661131	2022
AR	35599735	2022
AR	35483041	2022
AR	35392298	2022
AR	35357736	2022
AR	35311493	2022
AR	35241644	2022
AR	35237894	2022
AR	35182509	2022
AR	35165376	2022
AR	34970537	2022
AR	34407295	2021
AR	34386583	2021
AR	34372915	2021
AR	34284322	2021
AR	34114350	2021
AR	33828295	2021
AR	33497365	2021
AR	33407074	2021
AR	33261638	2020
AR	33191626	2020
AR	32989102	2020
AR	32958650	2020
AR	32856855	2020
AR	32755582	2020
AR	32468478	2020
AR	32456808	2020
AR	32216057	2020
AR	32186845	2020
AR	32152060	2020
AR	32146146	2020
AR	32109384	2020
AR	32070397	2020
AR	31785809	2019
AR	31522753	2019
AR	31179189	2019
AR	31059641	2019
AR	31041398	2019
AR	31030566	2019
AR	30975744	2019
AR	30970188	2019
AR	30940675	2019
AR	30891637	2019
AR	30886222	2019
AR	30867264	2019
AR	30838350	2019
AR	30837566	2019
AR	30730308	2019
AR	30626931	2019
AR	30351503	2018
AR	30337273	2018
AR	30300666	2018
AR	30206283	2018
AR	30156032	2018
AR	30098193	2018
AR	30048811	2018
AR	29426412	2018
AR	29249939	2017
AR	28886202	2017
AR	28780536	2017
AR	28761930	2017
AR	28623239	2017
AR	28617590	2017
AR	28511915	2017
AR	27807533	2016
AR	27727437	2016
AR	27517091	2016
AR	27465145	2016
AR	27245480	2016
AR	27105111	2016
AR	26872663	2016
AR	26772404	2016
AR	26691666	2015
AR	26499105	2015
AR	26355245	2015
AR	26345963	2015
AR	26298608	2015
AR	26266536	2015
AR	26257173	2015
AR	26245150	2015
AR	26148061	2015
AR	26103061	2015
AR	26043854	2015
AR	25979597	2015
AR	25836407	2015
AR	25828775	2015
AR	25455261	2014
AR	25444128	2014
AR	25303993	2014
AR	25122660	2014
AR	25078280	2014
AR	25047668	2014
AR	24925468	2014
AR	24907641	2014
AR	24872216	2014
AR	24818014	2014
AR	24793825	2014
AR	24781112	2014
AR	24742458	2014
AR	24581743	2014
AR	24566949	2014
AR	24324172	2013
AR	24256885	2013
AR	24154603	2013
AR	23789051	2013
AR	23679084	2013
AR	23467468	2013
AR	23364790	2013
AR	23062703	2012
AR	22941760	2012
AR	22819977	2012
AR	22758909	2012
AR	22427994	2012
AR	22333840	2012
AR	22166607	2011
AR	21887706	2011
AR	21486420	2011
AR	21412835	2011
AR	21247881	2011
AR	21088112	2010
AR	20689246	2010
AR	20603324	2010
AR	20353269	2010
AR	20184516	2010
AR	20174632	2010
AR	19850517	2009
AR	19692580	2009
AR	19497852	2009
AR	19482445	2009
AR	19470458	2009
AR	19228953	2009
AR	19211034	2009
AR	19100835	2008
AR	19008940	2008
AR	18642379	2008
AR	18592136	2008
AR	17984450	2007
AR	17984063	2007
AR	17852020	2007
AR	17507624	2007
AR	17507457	2007
AR	17158949	2006
AR	17137601	2006
AR	16864772	2006
AR	16772330	2006
AR	16696857	2006
AR	16621916	2006
AR	16512877	2006
AR	16498607	2006
AR	16493814	2006
AR	16437189	2006
AR	16401743	2006
AR	16342177	2005
AR	15990087	2005
AR	15972723	2005
AR	15961406	2005
AR	15876692	2005
AR	15843400	2005
AR	15725470	2005
AR	15721279	2005
AR	15618160	2004
AR	15609126	2004
AR	15527322	2004
AR	15358199	2004
AR	15338496	2004
AR	15146455	2004
AR	15114529	2004
AR	15019706	2004
AR	15003169	2004
AR	14731580	2004
AR	14681885	2003
AR	14674723	2003
AR	14671308	2003
AR	14605819	2003
AR	12898143	2003
AR	12629121	2003
AR	12427866	2002
AR	12388541	2002
AR	12189162	2002
AR	11875046	2002
AR	11859397	2002
AR	11810651	2002
AR	11590133	2001
AR	11571725	2001
AR	11555624	2001
AR	11436124	2001
AR	11330644	2001
AR	11085623	2000
AR	10970838	2000
AR	10958659	2000
AR	10956560	2000
AR	10821498	2000
AR	10802667	2000
AR	10732798	2000
AR	10732754	2000
AR	10637497	2000
AR	10617922	2000
AR	10400640	1999
AR	10385915	1999
AR	9887340	1999
AR	9887331	1999
AR	9886069	1999
AR	9880240	1999
AR	9732460	1998
AR	9692387	1998
AR	9580659	1998
AR	9270598	1997
AR	9220968	1997
AR	8960833	1996
AR	8878435	1996
AR	8737374	1996
AR	8926495	1996
AR	8807333	1996
AR	8645957	1995
AR	7494041	1995
AR	7772520	1995
AR	7757084	1995
AR	8058147	1994
AR	8122879	1994
AR	8285579	1994
AR	8232348	1993
AR	1461383	1992
ARX	36571524	2022
ARX	33847015	2021
ARX	32033960	2020
ARX	19587282	2009
ATN1	37243799	2023
ATN1	36599645	2023
ATN1	36530930	2022
ATN1	35182509	2022
ATN1	34968706	2021
ATN1	33106889	2020
ATN1	32711193	2020
ATN1	32675418	2020
ATN1	32129252	2020
ATN1	31493762	2019
ATN1	29801887	2018
ATN1	29249939	2017
ATN1	27896316	2016
ATN1	27400454	2016
ATN1	26374734	2015
ATN1	26077168	2015
ATN1	25842919	2015
ATN1	25466696	2014
ATN1	24972706	2014
ATN1	23364790	2013
ATN1	23026538	2012
ATN1	22527233	2012
ATN1	22520093	2012
ATN1	20589872	2010
ATN1	19370769	2009
ATN1	18182848	2008
ATN1	17961920	2007
ATN1	17420317	2007
ATN1	16858508	2006
ATN1	16251216	2005
ATN1	16199124	2005
ATN1	15553088	2004
ATN1	15148151	2004
ATN1	15133824	2004
ATN1	12925365	2003
ATN1	12805114	2003
ATN1	11807410	2002
ATN1	11689158	2001
ATN1	11574112	2001
ATN1	11198291	2001
ATN1	10942107	2000
ATN1	10768629	2000
ATN1	10766906	2000
ATN1	10677044	2000
ATN1	10515170	1999
ATN1	10453742	1999
ATN1	10332026	1999
ATN1	10085113	1999
ATN1	9887337	1999
ATN1	9758625	1998
ATN1	9705838	1998
ATN1	9696528	1998
ATN1	9647693	1998
ATN1	9507387	1998
ATN1	9462738	1998
ATN1	9385362	1998
ATN1	9361003	1997
ATN1	9187480	1997
ATN1	9124808	1997
ATN1	9106530	1997
ATN1	9050922	1997
ATN1	8644735	1996
ATN1	8852663	1996
ATN1	8926495	1996
ATN1	8559378	1996
ATN1	8557266	1996
ATN1	7842016	1994
ATN1	8136840	1994
ATN1	7734112	1994
ATXN1	38125008	2023
ATXN1	37827155	2023
ATXN1	37776516	2023
ATXN1	37397792	2023
ATXN1	37146135	2023
ATXN1	37043475	2023
ATXN1	36599645	2023
ATXN1	36549973	2022
ATXN1	36291186	2022
ATXN1	35869263	2022
ATXN1	35573049	2022
ATXN1	35525134	2022
ATXN1	35182509	2022
ATXN1	34830553	2021
ATXN1	34635619	2021
ATXN1	34600502	2021
ATXN1	34372915	2021
ATXN1	34179866	2021
ATXN1	33502644	2021
ATXN1	33276461	2020
ATXN1	32954321	2020
ATXN1	32761094	2020
ATXN1	32580238	2020
ATXN1	31940111	2020
ATXN1	30729852	2019
ATXN1	30324307	2018
ATXN1	29656178	2018
ATXN1	29249939	2017
ATXN1	29057148	2017
ATXN1	28444220	2017
ATXN1	26377379	2015
ATXN1	26077168	2015
ATXN1	25595967	2015
ATXN1	25344417	2014
ATXN1	25255716	2014
ATXN1	24972706	2014
ATXN1	24594842	2014
ATXN1	23376683	2013
ATXN1	22884877	2012
ATXN1	22753119	2012
ATXN1	22718440	2012
ATXN1	21909428	2011
ATXN1	21562248	2011
ATXN1	18418679	2008
ATXN1	17961920	2007
ATXN1	17420317	2007
ATXN1	17116127	2006
ATXN1	15553088	2004
ATXN1	15300851	2004
ATXN1	15167689	2004
ATXN1	15148151	2004
ATXN1	15080863	2004
ATXN1	12963369	2003
ATXN1	12757707	2003
ATXN1	11973625	2002
ATXN1	11807410	2002
ATXN1	11804332	2002
ATXN1	11760030	2002
ATXN1	11346374	2001
ATXN1	10942107	2000
ATXN1	10768629	2000
ATXN1	10556293	1999
ATXN1	10453742	1999
ATXN1	9758625	1998
ATXN1	9559993	1998
ATXN1	9450899	1998
ATXN1	9106530	1997
ATXN1	9088110	1996
ATXN1	7553854	1995
ATXN10	36092952	2022
ATXN10	34970537	2022
ATXN10	33502644	2021
ATXN10	32520333	2020
ATXN10	32160188	2020
ATXN10	31737797	2019
ATXN10	31445906	2019
ATXN10	31342269	2019
ATXN10	29932473	2018
ATXN10	28890930	2017
ATXN10	26295943	2015
ATXN10	26077168	2015
ATXN10	26039897	2015
ATXN10	24269018	2013
ATXN10	23083689	2012
ATXN10	23026538	2012
ATXN10	21282659	2011
ATXN10	19651850	2009
ATXN10	19234597	2009
ATXN10	17961920	2007
ATXN10	16924013	2006
ATXN10	16498633	2006
ATXN10	16385455	2005
ATXN10	15970586	2005
ATXN10	15505178	2004
ATXN10	15201271	2004
ATXN2	37906407	2023
ATXN2	37848721	2023
ATXN2	37821389	2023
ATXN2	37397792	2023
ATXN2	37379724	2023
ATXN2	37202167	2023
ATXN2	37146135	2023
ATXN2	37070044	2023
ATXN2	37043475	2023
ATXN2	36894829	2023
ATXN2	36823368	2023
ATXN2	36618024	2023
ATXN2	36530930	2022
ATXN2	36209056	2022
ATXN2	36008116	2022
ATXN2	35989899	2022
ATXN2	35962273	2022
ATXN2	35869263	2022
ATXN2	35787375	2022
ATXN2	35599735	2022
ATXN2	35525134	2022
ATXN2	35297556	2022
ATXN2	35182509	2022
ATXN2	35052497	2022
ATXN2	34390268	2021
ATXN2	34372915	2021
ATXN2	34350994	2021
ATXN2	34284285	2021
ATXN2	34179866	2021
ATXN2	34168085	2021
ATXN2	34159894	2021
ATXN2	34077532	2021
ATXN2	33625581	2021
ATXN2	33548146	2021
ATXN2	33502644	2021
ATXN2	33414559	2021
ATXN2	33377399	2020
ATXN2	33284045	2020
ATXN2	33115537	2020
ATXN2	32989102	2020
ATXN2	32954321	2020
ATXN2	32870233	2020
ATXN2	32340607	2020
ATXN2	32307524	2020
ATXN2	32124191	2020
ATXN2	32082115	2020
ATXN2	31940111	2020
ATXN2	31898278	2020
ATXN2	31812845	2019
ATXN2	31619481	2019
ATXN2	31522753	2019
ATXN2	31432357	2019
ATXN2	30920184	2019
ATXN2	30847648	2019
ATXN2	30611021	2019
ATXN2	30342765	2018
ATXN2	30342763	2018
ATXN2	29959555	2018
ATXN2	29934271	2018
ATXN2	29895397	2018
ATXN2	29801887	2018
ATXN2	29666341	2018
ATXN2	29665996	2018
ATXN2	29462666	2018
ATXN2	29249939	2017
ATXN2	29080331	2017
ATXN2	29057148	2017
ATXN2	29046994	2017
ATXN2	28642336	2017
ATXN2	30363439	2017
ATXN2	28527524	2017
ATXN2	28525545	2017
ATXN2	28444220	2017
ATXN2	28263872	2017
ATXN2	28124431	2017
ATXN2	28017481	2016
ATXN2	28017238	2016
ATXN2	27896316	2016
ATXN2	27848087	2016
ATXN2	27774050	2016
ATXN2	27531668	2016
ATXN2	27333979	2016
ATXN2	27245636	2016
ATXN2	26846400	2016
ATXN2	26777436	2016
ATXN2	26733254	2016
ATXN2	26599997	2015
ATXN2	26551617	2015
ATXN2	26377379	2015
ATXN2	26374734	2015
ATXN2	26362908	2015
ATXN2	26354989	2015
ATXN2	26095883	2015
ATXN2	26077168	2015
ATXN2	25893506	2015
ATXN2	25721894	2015
ATXN2	25466696	2014
ATXN2	25189117	2014
ATXN2	25111021	2014
ATXN2	25098532	2014
ATXN2	24972706	2014
ATXN2	24908169	2014
ATXN2	24866401	2014
ATXN2	24780882	2014
ATXN2	24780439	2014
ATXN2	24269018	2013
ATXN2	24209901	2013
ATXN2	23959108	2013
ATXN2	23635656	2013
ATXN2	23368522	2013
ATXN2	23047744	2012
ATXN2	23026538	2012
ATXN2	22650353	2012
ATXN2	22520093	2012
ATXN2	22507827	2012
ATXN2	22053702	2011
ATXN2	21562247	2011
ATXN2	21537950	2011
ATXN2	21479228	2011
ATXN2	21329459	2011
ATXN2	20069235	2010
ATXN2	19676102	2009
ATXN2	19672991	2009
ATXN2	19473475	2009
ATXN2	18297329	2008
ATXN2	18182848	2008
ATXN2	17961920	2007
ATXN2	17712857	2007
ATXN2	17620498	2007
ATXN2	17568014	2007
ATXN2	17440947	2007
ATXN2	17420317	2007
ATXN2	16687213	2006
ATXN2	16436644	2006
ATXN2	16000334	2005
ATXN2	22473187	2005
ATXN2	15553088	2004
ATXN2	15533937	2004
ATXN2	15504570	2004
ATXN2	15300851	2004
ATXN2	15265035	2004
ATXN2	15148151	2004
ATXN2	15133829	2004
ATXN2	15080863	2004
ATXN2	14967767	2004
ATXN2	14966163	2004
ATXN2	12853230	2003
ATXN2	12810491	2003
ATXN2	12682323	2003
ATXN2	12671950	2003
ATXN2	12039668	2002
ATXN2	11889231	2002
ATXN2	11839840	2002
ATXN2	11804332	2002
ATXN2	11719273	2001
ATXN2	11591855	2001
ATXN2	11160961	2001
ATXN2	11030410	2000
ATXN2	10942107	2000
ATXN2	10785256	2000
ATXN2	10768629	2000
ATXN2	10766906	2000
ATXN2	10642945	2000
ATXN2	10573020	1999
ATXN2	10453742	1999
ATXN2	10050970	1999
ATXN2	9973298	1999
ATXN2	9855520	1998
ATXN2	9779806	1998
ATXN2	9758625	1998
ATXN2	9748675	1998
ATXN2	9741408	1998
ATXN2	9710044	1998
ATXN2	9696528	1998
ATXN2	9674805	1998
ATXN2	9588855	1998
ATXN2	9549522	1998
ATXN2	9507387	1998
ATXN2	9385362	1998
ATXN2	9403486	1997
ATXN2	9403480	1997
ATXN2	9339681	1997
ATXN2	9259275	1997
ATXN2	10735276	1997
ATXN2	9106530	1997
ATXN2	10464657	1997
ATXN2	8896556	1996
ATXN2	8559378	1996
ATXN2	7762567	1995
ATXN3	37866221	2023
ATXN3	37848721	2023
ATXN3	37830611	2023
ATXN3	37646005	2023
ATXN3	37399286	2023
ATXN3	37397792	2023
ATXN3	37379724	2023
ATXN3	37122622	2023
ATXN3	36907537	2023
ATXN3	36875652	2023
ATXN3	36733922	2023
ATXN3	36618024	2023
ATXN3	36530930	2022
ATXN3	36516086	2022
ATXN3	36482247	2022
ATXN3	36250694	2022
ATXN3	35962273	2022
ATXN3	35952620	2022
ATXN3	35851059	2022
ATXN3	35406787	2022
ATXN3	35379994	2022
ATXN3	35182509	2022
ATXN3	35052497	2022
ATXN3	35042771	2022
ATXN3	34716557	2021
ATXN3	34706018	2021
ATXN3	34473252	2021
ATXN3	34284285	2021
ATXN3	34191270	2021
ATXN3	34167352	2021
ATXN3	34160773	2021
ATXN3	34159894	2021
ATXN3	34087977	2021
ATXN3	33782863	2021
ATXN3	33502644	2021
ATXN3	33413375	2021
ATXN3	33371889	2020
ATXN3	33157084	2020
ATXN3	33087504	2020
ATXN3	32978817	2020
ATXN3	32205441	2020
ATXN3	31920494	2020
ATXN3	31783119	2019
ATXN3	31687087	2019
ATXN3	31616370	2019
ATXN3	31565539	2019
ATXN3	31394429	2019
ATXN3	31374463	2019
ATXN3	31310802	2019
ATXN3	31230722	2019
ATXN3	30920184	2019
ATXN3	30804982	2019
ATXN3	30685895	2019
ATXN3	30554804	2018
ATXN3	30231063	2018
ATXN3	30125433	2018
ATXN3	29959555	2018
ATXN3	29936336	2018
ATXN3	29922950	2018
ATXN3	29881950	2018
ATXN3	29801869	2018
ATXN3	29737427	2018
ATXN3	29666341	2018
ATXN3	29444500	2018
ATXN3	29249939	2017
ATXN3	29057148	2017
ATXN3	28854700	2017
ATXN3	28624196	2017
ATXN3	28444220	2017
ATXN3	28158474	2017
ATXN3	27896316	2016
ATXN3	27848087	2016
ATXN3	27596958	2016
ATXN3	27774050	2016
ATXN3	27731380	2016
ATXN3	27600091	2016
ATXN3	27333979	2016
ATXN3	26615955	2015
ATXN3	26601773	2015
ATXN3	26505994	2015
ATXN3	26467707	2015
ATXN3	26377379	2015
ATXN3	26374734	2015
ATXN3	26362908	2015
ATXN3	26354989	2015
ATXN3	26266536	2015
ATXN3	26083476	2015
ATXN3	26077168	2015
ATXN3	30363545	2015
ATXN3	25633985	2015
ATXN3	25466696	2014
ATXN3	25320121	2014
ATXN3	25144244	2014
ATXN3	25068645	2014
ATXN3	25026993	2014
ATXN3	24972706	2014
ATXN3	24780882	2014
ATXN3	24675225	2014
ATXN3	24242192	2013
ATXN3	23659897	2013
ATXN3	23382971	2013
ATXN3	23368522	2013
ATXN3	23026538	2012
ATXN3	22520093	2012
ATXN3	22397573	2012
ATXN3	22351852	2012
ATXN3	22023810	2011
ATXN3	21909428	2011
ATXN3	21625753	2011
ATXN3	21562248	2011
ATXN3	20726892	2010
ATXN3	20503052	2010
ATXN3	20484674	2010
ATXN3	20467850	2010
ATXN3	20334689	2010
ATXN3	20199210	2010
ATXN3	20069235	2010
ATXN3	19802879	2009
ATXN3	19672991	2009
ATXN3	19608203	2009
ATXN3	19503814	2009
ATXN3	19066432	2008
ATXN3	18449188	2008
ATXN3	18413477	2008
ATXN3	18385100	2008
ATXN3	18261802	2008
ATXN3	18182848	2008
ATXN3	18071041	2007
ATXN3	17961920	2007
ATXN3	17948873	2007
ATXN3	17712857	2007
ATXN3	17440947	2007
ATXN3	17420317	2007
ATXN3	17116127	2006
ATXN3	17027034	2006
ATXN3	16724006	2006
ATXN3	16687213	2006
ATXN3	16194547	2005
ATXN3	22473187	2005
ATXN3	15553088	2004
ATXN3	15504352	2004
ATXN3	15265035	2004
ATXN3	15201448	2004
ATXN3	15167689	2004
ATXN3	15148151	2004
ATXN3	15140190	2004
ATXN3	15080863	2004
ATXN3	15026782	2004
ATXN3	14966163	2004
ATXN3	12938149	2003
ATXN3	12853230	2003
ATXN3	12832059	2003
ATXN3	12810491	2003
ATXN3	12486728	2002
ATXN3	12007862	2002
ATXN3	11889231	2002
ATXN3	11839840	2002
ATXN3	11807410	2002
ATXN3	11804332	2002
ATXN3	11562783	2001
ATXN3	11466410	2001
ATXN3	11405804	2001
ATXN3	11160961	2001
ATXN3	11030410	2000
ATXN3	10958659	2000
ATXN3	10942107	2000
ATXN3	10785256	2000
ATXN3	10768629	2000
ATXN3	10766906	2000
ATXN3	10732811	2000
ATXN3	10575843	1999
ATXN3	10453742	1999
ATXN3	9973298	1999
ATXN3	9855520	1998
ATXN3	9758625	1998
ATXN3	9696528	1998
ATXN3	9674805	1998
ATXN3	9635424	1998
ATXN3	9536097	1998
ATXN3	9588850	1998
ATXN3	9562258	1998
ATXN3	9549522	1998
ATXN3	9469848	1998
ATXN3	9507387	1998
ATXN3	9450899	1998
ATXN3	9385362	1998
ATXN3	9371900	1997
ATXN3	9403486	1997
ATXN3	9403480	1997
ATXN3	9339681	1997
ATXN3	9292723	1997
ATXN3	9259275	1997
ATXN3	9254842	1997
ATXN3	10735276	1997
ATXN3	9124808	1997
ATXN3	9106530	1997
ATXN3	9132496	1997
ATXN3	10464657	1997
ATXN3	9401013	1997
ATXN3	9088110	1996
ATXN3	8836972	1996
ATXN3	8609925	1996
ATXN3	8644735	1996
ATXN3	8926495	1996
ATXN3	8900536	1996
ATXN3	8559378	1996
ATXN3	8559377	1996
ATXN3	8583215	1995
ATXN3	7496771	1995
ATXN3	8523034	1995
ATXN3	7668288	1995
ATXN3	7762567	1995
ATXN7	38058854	2023
ATXN7	37866221	2023
ATXN7	37848721	2023
ATXN7	37830611	2023
ATXN7	37827155	2023
ATXN7	37821389	2023
ATXN7	37810464	2023
ATXN7	37776516	2023
ATXN7	37578187	2023
ATXN7	37365282	2023
ATXN7	37332636	2023
ATXN7	37322040	2023
ATXN7	37301203	2023
ATXN7	37283503	2023
ATXN7	37165652	2023
ATXN7	37148549	2023
ATXN7	37146135	2023
ATXN7	37051597	2023
ATXN7	36960686	2023
ATXN7	36894829	2023
ATXN7	36703300	2023
ATXN7	36623192	2023
ATXN7	36618024	2023
ATXN7	36599645	2023
ATXN7	36580663	2022
ATXN7	36530930	2022
ATXN7	36476347	2022
ATXN7	36422518	2022
ATXN7	36291186	2022
ATXN7	36250694	2022
ATXN7	36227727	2022
ATXN7	36209056	2022
ATXN7	36148898	2022
ATXN7	36064847	2022
ATXN7	35962273	2022
ATXN7	35952620	2022
ATXN7	35851059	2022
ATXN7	35795484	2022
ATXN7	35787375	2022
ATXN7	35726838	2022
ATXN7	35673101	2022
ATXN7	35482253	2022
ATXN7	35422034	2022
ATXN7	35406787	2022
ATXN7	35403689	2022
ATXN7	35379994	2022
ATXN7	35262663	2022
ATXN7	35182509	2022
ATXN7	35077744	2022
ATXN7	35052497	2022
ATXN7	35042771	2022
ATXN7	34906452	2021
ATXN7	34879276	2021
ATXN7	34870541	2021
ATXN7	34716557	2021
ATXN7	34706018	2021
ATXN7	34647648	2021
ATXN7	34635619	2021
ATXN7	34600502	2021
ATXN7	34473252	2021
ATXN7	34397117	2021
ATXN7	34390268	2021
ATXN7	34284285	2021
ATXN7	34210665	2021
ATXN7	34191270	2021
ATXN7	34167352	2021
ATXN7	34160773	2021
ATXN7	34160002	2021
ATXN7	34159894	2021
ATXN7	34087977	2021
ATXN7	34077532	2021
ATXN7	34037856	2021
ATXN7	33785066	2021
ATXN7	33705846	2021
ATXN7	33626063	2021
ATXN7	33625581	2021
ATXN7	33624863	2021
ATXN7	33548146	2021
ATXN7	33502644	2021
ATXN7	33371889	2020
ATXN7	33284045	2020
ATXN7	33157084	2020
ATXN7	33087504	2020
ATXN7	32978817	2020
ATXN7	32816195	2020
ATXN7	32810583	2020
ATXN7	32761094	2020
ATXN7	32665844	2020
ATXN7	32589923	2020
ATXN7	32580238	2020
ATXN7	32520333	2020
ATXN7	32407596	2020
ATXN7	32375063	2020
ATXN7	32340607	2020
ATXN7	32307524	2020
ATXN7	32270466	2020
ATXN7	32268123	2020
ATXN7	32205441	2020
ATXN7	32160188	2020
ATXN7	32138195	2020
ATXN7	32129252	2020
ATXN7	32124191	2020
ATXN7	31940111	2020
ATXN7	31920494	2020
ATXN7	31907387	2020
ATXN7	31898278	2020
ATXN7	31812845	2019
ATXN7	31783119	2019
ATXN7	31741143	2019
ATXN7	31694722	2019
ATXN7	31692161	2019
ATXN7	31687087	2019
ATXN7	31586339	2019
ATXN7	31565539	2019
ATXN7	31522753	2019
ATXN7	31445906	2019
ATXN7	31374463	2019
ATXN7	31342269	2019
ATXN7	31332380	2019
ATXN7	31310802	2019
ATXN7	31271500	2019
ATXN7	30729852	2019
ATXN7	30721448	2019
ATXN7	30699348	2019
ATXN7	30685895	2019
ATXN7	30617627	2019
ATXN7	30611021	2019
ATXN7	30610877	2019
ATXN7	30554804	2018
ATXN7	30381411	2018
ATXN7	30342765	2018
ATXN7	30339652	2018
ATXN7	30324307	2018
ATXN7	30255962	2018
ATXN7	30239724	2018
ATXN7	30130680	2018
ATXN7	30125433	2018
ATXN7	30078120	2018
ATXN7	29959555	2018
ATXN7	29936336	2018
ATXN7	29922950	2018
ATXN7	29801887	2018
ATXN7	29801869	2018
ATXN7	29737427	2018
ATXN7	29666341	2018
ATXN7	29656178	2018
ATXN7	29462666	2018
ATXN7	29444500	2018
ATXN7	29316893	2018
ATXN7	29249939	2017
ATXN7	29248324	2017
ATXN7	29057148	2017
ATXN7	29046994	2017
ATXN7	28946818	2017
ATXN7	28854700	2017
ATXN7	28821675	2017
ATXN7	28738819	2017
ATXN7	28686858	2017
ATXN7	28597910	2017
ATXN7	28568901	2017
ATXN7	28525545	2017
ATXN7	28444220	2017
ATXN7	28423040	2017
ATXN7	28386793	2017
ATXN7	28343865	2017
ATXN7	28263872	2017
ATXN7	28229454	2017
ATXN7	28158474	2017
ATXN7	28075481	2017
ATXN7	28017238	2016
ATXN7	27999335	2016
ATXN7	27864267	2016
ATXN7	27848087	2016
ATXN7	27806289	2016
ATXN7	27596958	2016
ATXN7	27774050	2016
ATXN7	27731380	2016
ATXN7	27632585	2016
ATXN7	27600091	2016
ATXN7	27531668	2016
ATXN7	27412786	2016
ATXN7	27333979	2016
ATXN7	27044733	2016
ATXN7	26846400	2016
ATXN7	26810537	2016
ATXN7	26730403	2016
ATXN7	26677414	2015
ATXN7	26661328	2015
ATXN7	26615955	2015
ATXN7	26601773	2015
ATXN7	26584329	2015
ATXN7	26505994	2015
ATXN7	26476771	2015
ATXN7	26377379	2015
ATXN7	26374734	2015
ATXN7	26362908	2015
ATXN7	26340331	2015
ATXN7	26295943	2015
ATXN7	26266536	2015
ATXN7	26148061	2015
ATXN7	26083476	2015
ATXN7	26077168	2015
ATXN7	26039897	2015
ATXN7	25990798	2015
ATXN7	30363545	2015
ATXN7	25920043	2015
ATXN7	25893506	2015
ATXN7	25876062	2015
ATXN7	25672822	2015
ATXN7	25662336	2015
ATXN7	25633985	2015
ATXN7	25608122	2015
ATXN7	25595967	2015
ATXN7	25545641	2014
ATXN7	25534560	2014
ATXN7	25506882	2014
ATXN7	25476002	2014
ATXN7	25466696	2014
ATXN7	25423602	2014
ATXN7	25354648	2014
ATXN7	25344417	2014
ATXN7	25320121	2014
ATXN7	25306109	2014
ATXN7	25303857	2014
ATXN7	25274186	2014
ATXN7	25255716	2014
ATXN7	25189117	2014
ATXN7	25085749	2014
ATXN7	25026993	2014
ATXN7	24985895	2014
ATXN7	24972706	2014
ATXN7	24780882	2014
ATXN7	24780439	2014
ATXN7	24675225	2014
ATXN7	24667781	2014
ATXN7	24594842	2014
ATXN7	24486772	2014
ATXN7	24413982	2014
ATXN7	24318420	2013
ATXN7	24209901	2013
ATXN7	23959108	2013
ATXN7	23828024	2013
ATXN7	23719916	2013
ATXN7	23665119	2013
ATXN7	23659897	2013
ATXN7	23635656	2013
ATXN7	23607545	2013
ATXN7	23475385	2013
ATXN7	23382971	2013
ATXN7	23376683	2013
ATXN7	23368522	2013
ATXN7	23197655	2012
ATXN7	23083689	2012
ATXN7	23064575	2012
ATXN7	23047744	2012
ATXN7	23026538	2012
ATXN7	22915085	2012
ATXN7	22889412	2012
ATXN7	22884877	2012
ATXN7	22753119	2012
ATXN7	22744658	2012
ATXN7	22718440	2012
ATXN7	22520093	2012
ATXN7	22492559	2012
ATXN7	22397573	2012
ATXN7	22351852	2012
ATXN7	22318346	2012
ATXN7	22072678	2011
ATXN7	22053702	2011
ATXN7	22023810	2011
ATXN7	21909428	2011
ATXN7	21689595	2011
ATXN7	21683323	2011
ATXN7	21625753	2011
ATXN7	21562248	2011
ATXN7	21562247	2011
ATXN7	21555639	2011
ATXN7	21537950	2011
ATXN7	21367767	2011
ATXN7	21329459	2011
ATXN7	21149728	2010
ATXN7	21147232	2010
ATXN7	20937954	2010
ATXN7	20726892	2010
ATXN7	20667868	2010
ATXN7	20589871	2010
ATXN7	20503052	2010
ATXN7	20484674	2010
ATXN7	20467850	2010
ATXN7	20334689	2010
ATXN7	20199210	2010
ATXN7	20069235	2010
ATXN7	19802879	2009
ATXN7	19676102	2009
ATXN7	19651850	2009
ATXN7	19608203	2009
ATXN7	19595623	2009
ATXN7	19533200	2009
ATXN7	19473475	2009
ATXN7	19370769	2009
ATXN7	19229559	2009
ATXN7	19226466	2009
ATXN7	19224313	2009
ATXN7	19066432	2008
ATXN7	19023636	2008
ATXN7	19008940	2008
ATXN7	19007342	2008
ATXN7	18980793	2008
ATXN7	18949263	2008
ATXN7	18940801	2008
ATXN7	18772697	2008
ATXN7	18687887	2008
ATXN7	18418692	2008
ATXN7	18418679	2008
ATXN7	18413477	2008
ATXN7	18385100	2008
ATXN7	18297329	2008
ATXN7	18285829	2008
ATXN7	18261802	2008
ATXN7	18252747	2008
ATXN7	18182848	2008
ATXN7	18165971	2008
ATXN7	18095954	2007
ATXN7	18074367	2007
ATXN7	18071041	2007
ATXN7	18043721	2007
ATXN7	17961920	2007
ATXN7	17948873	2007
ATXN7	17923634	2007
ATXN7	17712857	2007
ATXN7	17620498	2007
ATXN7	17519034	2007
ATXN7	17420317	2007
ATXN7	17266074	2007
ATXN7	17033685	2006
ATXN7	17027034	2006
ATXN7	17005861	2006
ATXN7	16924013	2006
ATXN7	16783570	2006
ATXN7	16724006	2006
ATXN7	16626296	2006
ATXN7	16436644	2006
ATXN7	16389941	2006
ATXN7	16385455	2005
ATXN7	16314424	2005
ATXN7	16310805	2005
ATXN7	16266405	2005
ATXN7	16251216	2005
ATXN7	16194547	2005
ATXN7	16193476	2005
ATXN7	16000334	2005
ATXN7	15970586	2005
ATXN7	15875905	2005
ATXN7	15843990	2005
ATXN7	15824357	2005
ATXN7	15750685	2005
ATXN7	15715978	2005
ATXN7	22473187	2005
ATXN7	15505178	2004
ATXN7	15504570	2004
ATXN7	15504352	2004
ATXN7	15470364	2004
ATXN7	15459182	2004
ATXN7	15368101	2004
ATXN7	15313853	2004
ATXN7	15313841	2004
ATXN7	15300851	2004
ATXN7	15217823	2004
ATXN7	15201271	2004
ATXN7	15167689	2004
ATXN7	15148151	2004
ATXN7	15140190	2004
ATXN7	15133829	2004
ATXN7	15115762	2004
ATXN7	15096564	2004
ATXN7	15080863	2004
ATXN7	15026782	2004
ATXN7	14998916	2004
ATXN7	14972680	2004
ATXN7	14967767	2004
ATXN7	14966163	2004
ATXN7	14746390	2004
ATXN7	14705117	2004
ATXN7	14534930	2003
ATXN7	12953269	2003
ATXN7	12938149	2003
ATXN7	12891385	2003
ATXN7	12815592	2003
ATXN7	12810491	2003
ATXN7	12796826	2003
ATXN7	12757707	2003
ATXN7	12676347	2003
ATXN7	12644968	2003
ATXN7	12545428	2003
ATXN7	12490531	2002
ATXN7	12431257	2002
ATXN7	12372061	2002
ATXN7	12164725	2002
ATXN7	12111376	2002
ATXN7	12039668	2002
ATXN7	12007862	2002
ATXN7	11889231	2002
ATXN7	11839840	2002
ATXN7	11807410	2002
ATXN7	11804332	2002
ATXN7	11760030	2002
ATXN7	11719273	2001
ATXN7	11717352	2001
ATXN7	11708995	2001
ATXN7	11708993	2001
ATXN7	11591855	2001
ATXN7	11580893	2001
ATXN7	11574112	2001
ATXN7	11466410	2001
ATXN7	11405804	2001
ATXN7	11384587	2001
ATXN7	11346374	2001
ATXN7	11160961	2001
ATXN7	11038274	2000
ATXN7	11030825	2000
ATXN7	11030410	2000
ATXN7	11017075	2000
ATXN7	10985694	2000
ATXN7	10976642	2000
ATXN7	10958659	2000
ATXN7	10945665	2000
ATXN7	10942107	2000
ATXN7	10841760	2000
ATXN7	10785256	2000
ATXN7	10768629	2000
ATXN7	10766906	2000
ATXN7	10732811	2000
ATXN7	10712198	2000
ATXN7	10690991	2000
ATXN7	10642945	2000
ATXN7	10602364	1999
ATXN7	10601803	1999
ATXN7	10575843	1999
ATXN7	10573020	1999
ATXN7	10556295	1999
ATXN7	10556293	1999
ATXN7	9467013	1999
ATXN7	10500272	1999
ATXN7	10453742	1999
ATXN7	10441328	1999
ATXN7	9973298	1999
ATXN7	9855520	1998
ATXN7	9779806	1998
ATXN7	9758625	1998
ATXN7	9736784	1998
ATXN7	9635424	1998
ATXN7	9536097	1998
ATXN7	9588855	1998
ATXN7	9588850	1998
ATXN7	9562258	1998
ATXN7	9469848	1998
ATXN7	9507387	1998
ATXN7	9425224	1998
ATXN7	9425222	1998
ATXN7	9450899	1998
ATXN7	9425905	1998
ATXN7	9385362	1998
ATXN7	9403480	1997
ATXN7	9343141	1997
ATXN7	9339681	1997
ATXN7	9288099	1997
ATXN7	9292723	1997
ATXN7	9254842	1997
ATXN7	10735276	1997
ATXN7	9124808	1997
ATXN7	9106530	1997
ATXN7	9132496	1997
ATXN7	10464657	1997
ATXN7	9401013	1997
ATXN7	9088110	1996
ATXN7	8908515	1996
ATXN7	8836972	1996
ATXN7	8609925	1996
ATXN7	8644735	1996
ATXN7	8926495	1996
ATXN7	8900536	1996
ATXN7	8559378	1996
ATXN7	8559377	1996
ATXN7	8583215	1995
ATXN7	7496771	1995
ATXN7	8523034	1995
ATXN7	7668288	1995
ATXN7	8037204	1994
ATXN8OS	37906407	2023
ATXN8OS	37848721	2023
ATXN8OS	37146135	2023
ATXN8OS	36703300	2023
ATXN8OS	36530930	2022
ATXN8OS	34632710	2021
ATXN8OS	34622207	2021
ATXN8OS	34600502	2021
ATXN8OS	34284285	2021
ATXN8OS	33526774	2021
ATXN8OS	33502644	2021
ATXN8OS	31471687	2019
ATXN8OS	30109267	2018
ATXN8OS	29916049	2018
ATXN8OS	29316893	2018
ATXN8OS	29111027	2017
ATXN8OS	28229454	2017
ATXN8OS	27896316	2016
ATXN8OS	26374734	2015
ATXN8OS	26077168	2015
ATXN8OS	25466696	2014
ATXN8OS	23026538	2012
ATXN8OS	22520093	2012
ATXN8OS	22053702	2011
ATXN8OS	20403608	2010
ATXN8OS	19229559	2009
ATXN8OS	18980793	2008
ATXN8OS	18684474	2008
ATXN8OS	18418692	2008
ATXN8OS	18095954	2007
ATXN8OS	17961920	2007
ATXN8OS	17005861	2006
ATXN8OS	16184604	2005
ATXN8OS	15553088	2004
ATXN8OS	15148151	2004
ATXN8OS	15080863	2004
ATXN8OS	14972680	2004
ATXN8OS	14966163	2004
ATXN8OS	12545428	2003
ATXN8OS	12505613	2002
ATXN8OS	12431257	2002
ATXN8OS	12372061	2002
ATXN8OS	11839840	2002
ATXN8OS	11807410	2002
ATXN8OS	11708995	2001
ATXN8OS	11591855	2001
ATXN8OS	11160961	2001
ATXN8OS	11121196	2000
ATXN8OS	11030410	2000
ATXN8OS	10976642	2000
ATXN8OS	10785256	2000
ATXN8OS	10712198	2000
ATXN8OS	10690991	2000
BEAN1	37848721	2023
BEAN1	36970617	2023
BEAN1	36092952	2022
BEAN1	33785066	2021
BEAN1	33431896	2021
BEAN1	32066831	2020
BEAN1	31737797	2019
BEAN1	29111027	2017
BEAN1	28343865	2017
BEAN1	24215022	2013
BEAN1	23607545	2013
C9orf72	38149039	2023
C9orf72	38112783	2023
C9orf72	38110419	2023
C9orf72	38092738	2023
C9orf72	38064514	2023
C9orf72	38019311	2023
C9orf72	37948524	2023
C9orf72	37930481	2023
C9orf72	37891975	2023
C9orf72	37861203	2023
C9orf72	37847372	2023
C9orf72	37845749	2023
C9orf72	37839080	2023
C9orf72	37827570	2023
C9orf72	37799543	2023
C9orf72	37791472	2023
C9orf72	37736756	2023
C9orf72	37723585	2023
C9orf72	37714849	2023
C9orf72	37686239	2023
C9orf72	37679883	2023
C9orf72	37675986	2023
C9orf72	37648532	2023
C9orf72	37644512	2023
C9orf72	37590144	2023
C9orf72	37574738	2023
C9orf72	37548032	2023
C9orf72	37545231	2023
C9orf72	37527465	2023
C9orf72	37511014	2023
C9orf72	37471224	2023
C9orf72	37461319	2023
C9orf72	37450566	2023
C9orf72	37421883	2023
C9orf72	37399804	2023
C9orf72	37386798	2023
C9orf72	37379724	2023
C9orf72	37365312	2023
C9orf72	37339631	2023
C9orf72	37332610	2023
C9orf72	37317656	2023
C9orf72	37288312	2023
C9orf72	37223130	2023
C9orf72	37202167	2023
C9orf72	37178170	2023
C9orf72	37173134	2023
C9orf72	37147520	2023
C9orf72	37146135	2023
C9orf72	37138766	2023
C9orf72	37138765	2023
C9orf72	37133535	2023
C9orf72	37080969	2023
C9orf72	37073950	2023
C9orf72	37043475	2023
C9orf72	37015082	2023
C9orf72	37010807	2023
C9orf72	36936421	2023
C9orf72	36857431	2023
C9orf72	36823368	2023
C9orf72	36822200	2023
C9orf72	36799407	2023
C9orf72	36650645	2023
C9orf72	36638803	2023
C9orf72	36619668	2023
C9orf72	36549973	2022
C9orf72	36515702	2022
C9orf72	36511680	2022
C9orf72	36511398	2022
C9orf72	36494425	2022
C9orf72	36482247	2022
C9orf72	36458975	2022
C9orf72	36454749	2022
C9orf72	36446586	2022
C9orf72	36438488	2022
C9orf72	36409902	2022
C9orf72	36379394	2022
C9orf72	36373318	2022
C9orf72	36345033	2022
C9orf72	36322143	2022
C9orf72	36308529	2022
C9orf72	36271076	2022
C9orf72	36252286	2022
C9orf72	36226890	2022
C9orf72	36220889	2022
C9orf72	36219176	2022
C9orf72	36217158	2022
C9orf72	36202819	2022
C9orf72	36151083	2022
C9orf72	36148898	2022
C9orf72	36130523	2022
C9orf72	36108486	2022
C9orf72	36103513	2022
C9orf72	36070099	2022
C9orf72	36008116	2022
C9orf72	35989899	2022
C9orf72	35974122	2022
C9orf72	35971992	2022
C9orf72	35933239	2022
C9orf72	35908282	2022
C9orf72	35906014	2022
C9orf72	35903771	2022
C9orf72	35895140	2022
C9orf72	35876881	2022
C9orf72	35869263	2022
C9orf72	35843530	2022
C9orf72	35813024	2022
C9orf72	35793625	2022
C9orf72	35766328	2022
C9orf72	35752680	2022
C9orf72	35726380	2022
C9orf72	35675776	2022
C9orf72	35661131	2022
C9orf72	35633169	2022
C9orf72	35625816	2022
C9orf72	35599735	2022
C9orf72	35594156	2022
C9orf72	35592494	2022
C9orf72	35589711	2022
C9orf72	35568435	2022
C9orf72	35525134	2022
C9orf72	35383205	2022
C9orf72	35379698	2022
C9orf72	35314728	2022
C9orf72	35295181	2022
C9orf72	35259014	2022
C9orf72	35189395	2022
C9orf72	35182509	2022
C9orf72	35171477	2022
C9orf72	35152451	2022
C9orf72	35096836	2022
C9orf72	35091648	2022
C9orf72	35052416	2022
C9orf72	35047667	2022
C9orf72	35026048	2022
C9orf72	35007998	2022
C9orf72	34978044	2022
C9orf72	34949835	2021
C9orf72	34915153	2021
C9orf72	34853325	2021
C9orf72	34848561	2021
C9orf72	34827542	2021
C9orf72	34791698	2021
C9orf72	34723963	2021
C9orf72	34717271	2021
C9orf72	34705518	2021
C9orf72	34687211	2021
C9orf72	34677935	2021
C9orf72	34654821	2021
C9orf72	34638725	2021
C9orf72	34573259	2021
C9orf72	34542927	2021
C9orf72	34537679	2021
C9orf72	34534264	2021
C9orf72	34526954	2021
C9orf72	34475377	2021
C9orf72	34450161	2021
C9orf72	34440384	2021
C9orf72	34435379	2021
C9orf72	34431456	2021
C9orf72	34404558	2021
C9orf72	34397416	2021
C9orf72	34389718	2021
C9orf72	34389711	2021
C9orf72	34386583	2021
C9orf72	34382491	2021
C9orf72	34376242	2021
C9orf72	34328616	2021
C9orf72	34310040	2021
C9orf72	34305575	2021
C9orf72	34297726	2021
C9orf72	34229542	2021
C9orf72	34209673	2021
C9orf72	34187866	2021
C9orf72	34179866	2021
C9orf72	34174288	2021
C9orf72	34172817	2021
C9orf72	34170347	2021
C9orf72	34168085	2021
C9orf72	34157654	2021
C9orf72	34152475	2021
C9orf72	34140881	2021
C9orf72	34133945	2021
C9orf72	34118929	2021
C9orf72	34099711	2021
C9orf72	34093394	2021
C9orf72	34051439	2021
C9orf72	34048588	2021
C9orf72	33977144	2021
C9orf72	33967699	2021
C9orf72	33935096	2021
C9orf72	33906932	2021
C9orf72	33892814	2021
C9orf72	33889947	2021
C9orf72	33871294	2021
C9orf72	33857770	2021
C9orf72	33837088	2021
C9orf72	33833668	2021
C9orf72	33830997	2021
C9orf72	33815737	2021
C9orf72	33789100	2021
C9orf72	33741069	2021
C9orf72	33737586	2021
C9orf72	33730968	2021
C9orf72	33726839	2021
C9orf72	33709219	2021
C9orf72	33705846	2021
C9orf72	33663561	2021
C9orf72	33661518	2021
C9orf72	33619157	2021
C9orf72	33601107	2021
C9orf72	33588953	2021
C9orf72	33563800	2021
C9orf72	33558503	2021
C9orf72	33554115	2021
C9orf72	33482083	2021
C9orf72	33431483	2021
C9orf72	33414559	2021
C9orf72	33409820	2021
C9orf72	33378537	2020
C9orf72	33377399	2020
C9orf72	33376800	2020
C9orf72	33329355	2020
C9orf72	33300868	2020
C9orf72	33276461	2020
C9orf72	33253636	2020
C9orf72	33196168	2020
C9orf72	33168090	2020
C9orf72	33168078	2020
C9orf72	33149115	2020
C9orf72	33129345	2020
C9orf72	33123074	2020
C9orf72	33055142	2020
C9orf72	33022226	2020
C9orf72	32989102	2020
C9orf72	32958650	2020
C9orf72	32954321	2020
C9orf72	32949047	2020
C9orf72	32921502	2020
C9orf72	32894207	2020
C9orf72	32878979	2020
C9orf72	32865792	2020
C9orf72	32845284	2020
C9orf72	32843152	2020
C9orf72	32830871	2020
C9orf72	32823188	2020
C9orf72	32821252	2020
C9orf72	32775019	2020
C9orf72	32755582	2020
C9orf72	32721467	2020
C9orf72	32675418	2020
C9orf72	32638105	2020
C9orf72	32554322	2020
C9orf72	32504093	2020
C9orf72	32500377	2020
C9orf72	32485711	2020
C9orf72	32483373	2020
C9orf72	32441885	2020
C9orf72	32421156	2020
C9orf72	32410933	2020
C9orf72	32375063	2020
C9orf72	32375043	2020
C9orf72	32347002	2020
C9orf72	32338076	2020
C9orf72	32296747	2020
C9orf72	32284607	2020
C9orf72	32281118	2020
C9orf72	32277284	2020
C9orf72	32226938	2020
C9orf72	32184029	2020
C9orf72	32180125	2020
C9orf72	32175624	2020
C9orf72	32151952	2020
C9orf72	32132225	2020
C9orf72	32125773	2020
C9orf72	32123048	2020
C9orf72	32119645	2020
C9orf72	32100453	2020
C9orf72	32093728	2020
C9orf72	32084385	2020
C9orf72	32082115	2020
C9orf72	32070418	2020
C9orf72	32059759	2020
C9orf72	32042907	2020
C9orf72	32035967	2020
C9orf72	32035847	2020
C9orf72	32000838	2020
C9orf72	31930538	2020
C9orf72	31925813	2020
C9orf72	31858749	2019
C9orf72	31852251	2019
C9orf72	31847700	2019
C9orf72	31843021	2019
C9orf72	31836585	2019
C9orf72	31831332	2019
C9orf72	31800202	2019
C9orf72	31791419	2019
C9orf72	31740840	2019
C9orf72	31738367	2019
C9orf72	31702465	2019
C9orf72	31676125	2019
C9orf72	31651360	2019
C9orf72	31649034	2019
C9orf72	31642962	2019
C9orf72	31633109	2019
C9orf72	31625563	2019
C9orf72	31624333	2019
C9orf72	31619481	2019
C9orf72	31594549	2019
C9orf72	31587919	2019
C9orf72	31586943	2019
C9orf72	31582231	2019
C9orf72	31579943	2019
C9orf72	31561355	2019
C9orf72	31559531	2019
C9orf72	31551693	2019
C9orf72	31530427	2019
C9orf72	31499409	2019
C9orf72	31475037	2019
C9orf72	31444357	2019
C9orf72	31439573	2019
C9orf72	31432691	2019
C9orf72	31358992	2019
C9orf72	31327044	2019
C9orf72	31325016	2019
C9orf72	31315673	2019
C9orf72	31286297	2019
C9orf72	31205123	2019
C9orf72	31176718	2019
C9orf72	31156370	2019
C9orf72	31127772	2019
C9orf72	31126629	2019
C9orf72	31086314	2019
C9orf72	31048495	2019
C9orf72	31041398	2019
C9orf72	31036086	2019
C9orf72	31019099	2019
C9orf72	31019093	2019
C9orf72	31009932	2019
C9orf72	31007077	2019
C9orf72	30992335	2019
C9orf72	30992141	2019
C9orf72	30985904	2019
C9orf72	30981631	2019
C9orf72	30979436	2019
C9orf72	30945056	2019
C9orf72	30938419	2019
C9orf72	30863279	2019
C9orf72	30859373	2019
C9orf72	30846540	2019
C9orf72	30790403	2019
C9orf72	30777654	2019
C9orf72	30767771	2019
C9orf72	30739198	2019
C9orf72	30711674	2019
C9orf72	30685122	2019
C9orf72	30643298	2019
C9orf72	30617627	2019
C9orf72	30617154	2019
C9orf72	30610877	2019
C9orf72	30554355	2018
C9orf72	30550541	2018
C9orf72	30530974	2018
C9orf72	30528349	2018
C9orf72	30454072	2018
C9orf72	30447080	2018
C9orf72	30396881	2018
C9orf72	30356970	2018
C9orf72	30349864	2018
C9orf72	30347338	2018
C9orf72	30337192	2018
C9orf72	30336474	2018
C9orf72	30320585	2018
C9orf72	30310141	2018
C9orf72	30252044	2018
C9orf72	30239641	2018
C9orf72	30233460	2018
C9orf72	30213863	2018
C9orf72	30210275	2018
C9orf72	30150298	2018
C9orf72	30126445	2018
C9orf72	30109267	2018
C9orf72	30099204	2018
C9orf72	30093141	2018
C9orf72	30090657	2018
C9orf72	30075745	2018
C9orf72	30023173	2018
C9orf72	30022074	2018
C9orf72	29973287	2018
C9orf72	29957385	2018
C9orf72	29942091	2018
C9orf72	29932473	2018
C9orf72	29912891	2018
C9orf72	29895397	2018
C9orf72	29866399	2018
C9orf72	29861044	2018
C9orf72	29859640	2018
C9orf72	29855382	2018
C9orf72	29801887	2018
C9orf72	29761121	2018
C9orf72	29750243	2018
C9orf72	29748150	2018
C9orf72	29738460	2018
C9orf72	29628143	2018
C9orf72	29610297	2018
C9orf72	29598923	2018
C9orf72	29525180	2018
C9orf72	29507424	2018
C9orf72	29493298	2018
C9orf72	29480190	2018
C9orf72	29480183	2018
C9orf72	29479499	2018
C9orf72	29476165	2018
C9orf72	29449030	2018
C9orf72	29441485	2018
C9orf72	29439323	2018
C9orf72	29400714	2018
C9orf72	29380049	2018
C9orf72	29367641	2018
C9orf72	29352617	2018
C9orf72	29352102	2018
C9orf72	29316893	2018
C9orf72	29302060	2018
C9orf72	29264395	2017
C9orf72	29222490	2017
C9orf72	29216908	2017
C9orf72	29196813	2017
C9orf72	29170628	2017
C9orf72	29166782	2017
C9orf72	29149615	2017
C9orf72	29131108	2017
C9orf72	29113975	2017
C9orf72	29095328	2017
C9orf72	29080331	2017
C9orf72	29055436	2017
C9orf72	29049464	2017
C9orf72	29036691	2017
C9orf72	28973350	2017
C9orf72	28889094	2017
C9orf72	28887402	2017
C9orf72	28827593	2017
C9orf72	28808785	2017
C9orf72	28803727	2017
C9orf72	28749476	2017
C9orf72	28720882	2017
C9orf72	28714954	2017
C9orf72	28677678	2017
C9orf72	28666709	2017
C9orf72	28660252	2017
C9orf72	28642336	2017
C9orf72	28637276	2017
C9orf72	28614712	2017
C9orf72	28606110	2017
C9orf72	28570551	2017
C9orf72	28551275	2017
C9orf72	28550099	2017
C9orf72	28542233	2017
C9orf72	28539470	2017
C9orf72	28527524	2017
C9orf72	28522837	2017
C9orf72	28491898	2017
C9orf72	28482638	2017
C9orf72	28481984	2017
C9orf72	28462717	2017
C9orf72	28439722	2017
C9orf72	28420437	2017
C9orf72	28408402	2017
C9orf72	28387671	2017
C9orf72	28365006	2017
C9orf72	28356511	2017
C9orf72	28351931	2017
C9orf72	28334866	2017
C9orf72	28320191	2017
C9orf72	28222900	2017
C9orf72	28197542	2017
C9orf72	28192553	2017
C9orf72	28160950	2017
C9orf72	28158451	2017
C9orf72	28132891	2017
C9orf72	28131227	2017
C9orf72	28124431	2017
C9orf72	28105640	2017
C9orf72	28089114	2017
C9orf72	28088213	2017
C9orf72	28010125	2016
C9orf72	28003435	2016
C9orf72	27936955	2016
C9orf72	27875531	2016
C9orf72	27797809	2016
C9orf72	27796305	2016
C9orf72	27790088	2016
C9orf72	27688759	2016
C9orf72	27739539	2016
C9orf72	27773700	2016
C9orf72	27595458	2016
C9orf72	27756805	2016
C9orf72	27720481	2016
C9orf72	27732842	2016
C9orf72	27671483	2016
C9orf72	27666590	2016
C9orf72	27663272	2016
C9orf72	27652840	2016
C9orf72	27617292	2016
C9orf72	27480424	2016
C9orf72	27473499	2016
C9orf72	27461252	2016
C9orf72	27400454	2016
C9orf72	27388677	2016
C9orf72	27375918	2016
C9orf72	27369896	2016
C9orf72	27334615	2016
C9orf72	27327087	2016
C9orf72	27288208	2016
C9orf72	27274540	2016
C9orf72	27245636	2016
C9orf72	27241037	2016
C9orf72	27193190	2016
C9orf72	27112497	2016
C9orf72	27079381	2016
C9orf72	26998601	2016
C9orf72	26979938	2016
C9orf72	26925510	2016
C9orf72	26919046	2016
C9orf72	26915990	2016
C9orf72	26903389	2016
C9orf72	26839080	2016
C9orf72	26810537	2016
C9orf72	26785370	2016
C9orf72	26777436	2016
C9orf72	26746986	2016
C9orf72	26735706	2016
C9orf72	26733254	2016
C9orf72	26728149	2016
C9orf72	26725464	2016
C9orf72	26723138	2016
C9orf72	28337409	2016
C9orf72	26691640	2015
C9orf72	26690922	2015
C9orf72	26674655	2015
C9orf72	26637797	2015
C9orf72	26632347	2015
C9orf72	26599997	2015
C9orf72	26551617	2015
C9orf72	26547294	2015
C9orf72	26497991	2015
C9orf72	26481318	2015
C9orf72	26463209	2015
C9orf72	26437865	2015
C9orf72	29213991	2015
C9orf72	26408000	2015
C9orf72	26401819	2015
C9orf72	26374446	2015
C9orf72	26350237	2015
C9orf72	26348842	2015
C9orf72	26347457	2015
C9orf72	26308983	2015
C9orf72	26308899	2015
C9orf72	26308891	2015
C9orf72	26304661	2015
C9orf72	26275564	2015
C9orf72	26254955	2015
C9orf72	26234378	2015
C9orf72	26233805	2015
C9orf72	26174152	2015
C9orf72	26166205	2015
C9orf72	26142124	2015
C9orf72	26108573	2015
C9orf72	26099177	2015
C9orf72	26095883	2015
C9orf72	26083476	2015
C9orf72	26044557	2015
C9orf72	26031661	2015
C9orf72	26022924	2015
C9orf72	26016851	2015
C9orf72	25977373	2015
C9orf72	25943890	2015
C9orf72	25943887	2015
C9orf72	25795648	2015
C9orf72	25791939	2015
C9orf72	25788698	2015
C9orf72	25716178	2015
C9orf72	25712133	2015
C9orf72	25637145	2015
C9orf72	25618255	2015
C9orf72	25617006	2015
C9orf72	25595499	2015
C9orf72	25585530	2015
C9orf72	25531686	2014
C9orf72	25467142	2014
C9orf72	25442110	2014
C9orf72	25433797	2014
C9orf72	25433461	2014
C9orf72	25388784	2014
C9orf72	25377888	2014
C9orf72	25326098	2014
C9orf72	25319030	2014
C9orf72	25308964	2014
C9orf72	25284081	2014
C9orf72	25281017	2014
C9orf72	25273996	2014
C9orf72	25248608	2014
C9orf72	25239657	2014
C9orf72	25210488	2014
C9orf72	25207541	2014
C9orf72	25185840	2014
C9orf72	25182743	2014
C9orf72	25173361	2014
C9orf72	25158292	2014
C9orf72	25156163	2014
C9orf72	25132468	2014
C9orf72	25123918	2014
C9orf72	25120191	2014
C9orf72	25115936	2014
C9orf72	25111021	2014
C9orf72	25108559	2014
C9orf72	25098532	2014
C9orf72	25085782	2014
C9orf72	24931836	2014
C9orf72	24928930	2014
C9orf72	24908669	2014
C9orf72	24908169	2014
C9orf72	24866401	2014
C9orf72	24866055	2014
C9orf72	24861139	2014
C9orf72	24819148	2014
C9orf72	24806409	2014
C9orf72	24803912	2014
C9orf72	24756204	2014
C9orf72	24733620	2014
C9orf72	24706941	2014
C9orf72	24704492	2014
C9orf72	24667415	2014
C9orf72	24650794	2014
C9orf72	24612676	2014
C9orf72	24598541	2014
C9orf72	24559645	2014
C9orf72	24549040	2014
C9orf72	24530272	2014
C9orf72	24445987	2014
C9orf72	24442578	2014
C9orf72	24417314	2014
C9orf72	24387986	2014
C9orf72	24387985	2014
C9orf72	24378086	2014
C9orf72	24363131	2013
C9orf72	24355526	2013
C9orf72	24319645	2013
C9orf72	24309270	2013
C9orf72	24286341	2013
C9orf72	24269022	2013
C9orf72	24269018	2013
C9orf72	24252571	2013
C9orf72	24248382	2013
C9orf72	24212388	2013
C9orf72	24179835	2013
C9orf72	24170096	2013
C9orf72	24169076	2013
C9orf72	24166615	2013
C9orf72	24154603	2013
C9orf72	24139042	2013
C9orf72	24129584	2013
C9orf72	24126854	2013
C9orf72	24121957	2013
C9orf72	24107864	2013
C9orf72	24096617	2013
C9orf72	24080172	2013
C9orf72	24077574	2013
C9orf72	24068985	2013
C9orf72	24057670	2013
C9orf72	24053774	2013
C9orf72	24052799	2013
C9orf72	24027057	2013
C9orf72	24011653	2013
C9orf72	23998997	2013
C9orf72	23987827	2013
C9orf72	23973441	2013
C9orf72	23962495	2013
C9orf72	23922030	2013
C9orf72	23894576	2013
C9orf72	23870417	2013
C9orf72	23869403	2013
C9orf72	23845100	2013
C9orf72	23836460	2013
C9orf72	23836290	2013
C9orf72	23818065	2013
C9orf72	23771489	2013
C9orf72	23731538	2013
C9orf72	23720273	2013
C9orf72	23695224	2013
C9orf72	23686809	2013
C9orf72	23597494	2013
C9orf72	23588498	2013
C9orf72	23588422	2013
C9orf72	23587638	2013
C9orf72	23566336	2013
C9orf72	23553481	2013
C9orf72	23551834	2013
C9orf72	23548882	2013
C9orf72	23473366	2013
C9orf72	23437264	2013
C9orf72	23435409	2013
C9orf72	23434116	2013
C9orf72	23421625	2013
C9orf72	23415312	2013
C9orf72	23413259	2013
C9orf72	23383383	2013
C9orf72	23381195	2013
C9orf72	23358603	2013
C9orf72	23352322	2013
C9orf72	23338750	2013
C9orf72	23338682	2013
C9orf72	23329412	2013
C9orf72	23273600	2013
C9orf72	23261768	2012
C9orf72	23254636	2012
C9orf72	23216213	2012
C9orf72	23199140	2012
C9orf72	23151261	2012
C9orf72	23141412	2012
C9orf72	23116878	2012
C9orf72	23107433	2012
C9orf72	23088937	2012
C9orf72	23085936	2012
C9orf72	23084342	2012
C9orf72	23063644	2012
C9orf72	23053136	2012
C9orf72	23053135	2012
C9orf72	23036583	2012
C9orf72	23035801	2012
C9orf72	23012445	2012
C9orf72	23006986	2012
C9orf72	22993125	2012
C9orf72	22985429	2012
C9orf72	22964911	2012
C9orf72	22936364	2012
C9orf72	22898310	2012
C9orf72	22892647	2012
C9orf72	22878164	2012
C9orf72	22875087	2012
C9orf72	22875086	2012
C9orf72	22843265	2012
C9orf72	22840558	2012
C9orf72	22818528	2012
C9orf72	22815561	2012
C9orf72	22766072	2012
C9orf72	22742426	2012
C9orf72	22739338	2012
C9orf72	22727276	2012
C9orf72	22721568	2012
C9orf72	22720079	2012
C9orf72	22708871	2012
C9orf72	22702520	2012
C9orf72	22692064	2012
C9orf72	22673113	2012
C9orf72	22650353	2012
C9orf72	22645277	2012
C9orf72	22637471	2012
C9orf72	22637429	2012
C9orf72	22571983	2012
C9orf72	22564974	2012
C9orf72	22550220	2012
C9orf72	22507827	2012
C9orf72	22502998	2012
C9orf72	22499346	2012
C9orf72	22459598	2012
C9orf72	22426854	2012
C9orf72	22418734	2012
C9orf72	22410647	2012
C9orf72	22406228	2012
C9orf72	22366794	2012
C9orf72	22366793	2012
C9orf72	22366791	2012
C9orf72	22343411	2012
C9orf72	22305801	2012
C9orf72	22300876	2012
C9orf72	22300873	2012
C9orf72	22228244	2012
C9orf72	22181065	2011
C9orf72	22154785	2011
C9orf72	22101323	2011
C9orf72	22083254	2011
C9orf72	21944779	2011
C9orf72	21944778	2011
CACNA1A	37848721	2023
CACNA1A	37307504	2023
CACNA1A	37301203	2023
CACNA1A	36618024	2023
CACNA1A	36599645	2023
CACNA1A	36530930	2022
CACNA1A	35962273	2022
CACNA1A	35182509	2022
CACNA1A	35052497	2022
CACNA1A	34647648	2021
CACNA1A	34600502	2021
CACNA1A	34371182	2021
CACNA1A	34159894	2021
CACNA1A	33502644	2021
CACNA1A	32888184	2020
CACNA1A	31522753	2019
CACNA1A	30342765	2018
CACNA1A	30078120	2018
CACNA1A	29959555	2018
CACNA1A	29316893	2018
CACNA1A	29249939	2017
CACNA1A	29111027	2017
CACNA1A	29057148	2017
CACNA1A	28946818	2017
CACNA1A	28444220	2017
CACNA1A	27979829	2016
CACNA1A	27896316	2016
CACNA1A	27848087	2016
CACNA1A	27806289	2016
CACNA1A	27412786	2016
CACNA1A	27400454	2016
CACNA1A	27333979	2016
CACNA1A	26730403	2016
CACNA1A	26377379	2015
CACNA1A	26374734	2015
CACNA1A	26354989	2015
CACNA1A	26077168	2015
CACNA1A	25466696	2014
CACNA1A	24780882	2014
CACNA1A	24486772	2014
CACNA1A	24209901	2013
CACNA1A	23407676	2013
CACNA1A	23368522	2013
CACNA1A	23026538	2012
CACNA1A	22520093	2012
CACNA1A	21562248	2011
CACNA1A	20069235	2010
CACNA1A	19224313	2009
CACNA1A	19066432	2008
CACNA1A	18949263	2008
CACNA1A	18687887	2008
CACNA1A	18684474	2008
CACNA1A	18285829	2008
CACNA1A	18074367	2007
CACNA1A	17961920	2007
CACNA1A	17420317	2007
CACNA1A	16310805	2005
CACNA1A	16000334	2005
CACNA1A	15875905	2005
CACNA1A	15553088	2004
CACNA1A	15148151	2004
CACNA1A	15080863	2004
CACNA1A	15026782	2004
CACNA1A	14967767	2004
CACNA1A	14966163	2004
CACNA1A	14534930	2003
CACNA1A	12810491	2003
CACNA1A	12676347	2003
CACNA1A	12545428	2003
CACNA1A	11889231	2002
CACNA1A	11839840	2002
CACNA1A	11804332	2002
CACNA1A	11717352	2001
CACNA1A	11708993	2001
CACNA1A	11355155	2001
CACNA1A	11341481	2001
CACNA1A	11160961	2001
CACNA1A	11030410	2000
CACNA1A	10985694	2000
CACNA1A	10945665	2000
CACNA1A	10942107	2000
CACNA1A	10785256	2000
CACNA1A	10768629	2000
CACNA1A	10766906	2000
CACNA1A	10690991	2000
CACNA1A	10601803	1999
CACNA1A	10453742	1999
CACNA1A	10442462	1999
CACNA1A	10369863	1999
CACNA1A	10369828	1999
CACNA1A	9973298	1999
CACNA1A	9915947	1999
CACNA1A	9879686	1999
CACNA1A	9855520	1998
CACNA1A	9758625	1998
CACNA1A	9696528	1998
CACNA1A	9674805	1998
CACNA1A	9600677	1998
CACNA1A	9559993	1998
CACNA1A	9507387	1998
CACNA1A	9385362	1998
CACNA1A	9371900	1997
CACNA1A	9403486	1997
CACNA1A	9403480	1997
CACNA1A	9345107	1997
CACNA1A	9339681	1997
CACNA1A	9302278	1997
CACNA1A	9311738	1997
CACNA1A	9259275	1997
CACNA1A	10464657	1997
CBL	37422244	2023
CBL	33672244	2021
CBL	7603564	1995
CNBP	37950892	2023
CNBP	37146135	2023
CNBP	36018009	2022
CNBP	35945246	2022
CNBP	35567413	2022
CNBP	34101465	2021
CNBP	34024776	2021
CNBP	33595997	2021
CNBP	31981476	2020
CNBP	31927948	2020
CNBP	30730308	2019
CNBP	30140252	2018
CNBP	30100878	2018
CNBP	29973908	2018
CNBP	29610297	2018
CNBP	29291944	2018
CNBP	28623239	2017
CNBP	27727437	2016
CNBP	27222292	2016
CNBP	26586700	2015
CNBP	25186227	2014
CNBP	24907641	2014
CNBP	22723857	2012
CNBP	22643181	2012
CNBP	22587749	2012
CNBP	22459146	2012
CNBP	22332444	2012
CNBP	22062891	2011
CNBP	21303839	2011
CNBP	21224892	2011
CNBP	21204798	2011
CNBP	20491895	2010
CNBP	20174632	2010
CNBP	19683984	2009
CNBP	19632331	2009
CNBP	18804219	2008
CNBP	18213375	2008
CNBP	16927100	2006
CNBP	16376058	2005
CNBP	15718211	2005
CNBP	15704146	2005
CNBP	15322428	2004
CNBP	15231584	2004
CNBP	15215218	2004
CNBP	15114529	2004
CNBP	15019706	2004
CNBP	14505273	2003
CNBP	12601109	2003
COMP	34350994	2021
COMP	33246243	2020
COMP	31605891	2019
COMP	31300119	2019
COMP	31174695	2019
COMP	30961806	2019
COMP	28924040	2017
COMP	24118915	2013
COMP	22738948	2012
COMP	22584004	2012
COMP	22445310	2012
COMP	9887340	1999
CSTB	36398398	2022
CSTB	36359887	2022
CSTB	34474241	2021
CSTB	32920378	2020
CSTB	29352102	2018
CSTB	25752200	2015
CSTB	23883076	2013
CSTB	21757863	2011
CSTB	21075014	2010
CSTB	18358403	2008
CSTB	17003839	2006
CSTB	16379547	2005
CSTB	15483648	2004
CSTB	14517952	2003
CSTB	14510831	2003
CSTB	12215838	2002
CSTB	11571333	2001
CSTB	11524486	2001
CSTB	11240124	2001
CSTB	10927802	2000
CSTB	10721698	2000
CSTB	10660338	2000
CSTB	10515170	1999
CSTB	10441345	1999
CSTB	9529356	1998
CSTB	9126745	1997
CSTB	9090386	1997
CSTB	9054946	1997
CSTB	9012407	1997
DAB1	36622139	2023
DAB1	36148898	2022
DAB1	36092952	2022
DAB1	32582864	2020
DAB1	30588707	2018
DAB1	28686858	2017
DIP2B	37248219	2023
DIP2B	37090938	2023
DIP2B	34622207	2021
DIP2B	17236128	2007
DMD	37829280	2023
DMD	37270548	2023
DMD	37090938	2023
DMD	36048237	2022
DMD	35615378	2022
DMD	34371182	2021
DMD	34238289	2021
DMD	33624941	2021
DMD	33349121	2020
DMD	30794581	2019
DMD	29687370	2018
DMD	27178005	2016
DMD	27529242	2016
DMD	27417533	2016
DMD	27276190	2016
DMD	24411039	2014
DMD	25804023	2014
DMD	23695957	2013
DMD	23659897	2013
DMD	23574351	2013
DMD	21901138	2011
DMD	21305566	2011
DMD	22830166	2011
DMD	19927354	2009
DMD	19907931	2009
DMD	19309270	2009
DMD	19158820	2009
DMD	18393226	2008
DMD	18359022	2008
DMD	17439955	2007
DMD	16553208	2006
DMD	16415967	2006
DMD	12132577	2002
DMD	11807410	2002
DMD	11593558	2001
DMD	11280167	2001
DMD	10445321	1999
DMD	9894797	1999
DMD	8588583	1995
DMPK	37829280	2023
DMPK	37744174	2023
DMPK	37638448	2023
DMPK	37521782	2023
DMPK	37397246	2023
DMPK	37373276	2023
DMPK	37352653	2023
DMPK	37146135	2023
DMPK	37143315	2023
DMPK	36892629	2023
DMPK	36701310	2023
DMPK	36627397	2023
DMPK	36352383	2022
DMPK	36230978	2022
DMPK	36222125	2022
DMPK	36099027	2022
DMPK	36084803	2022
DMPK	36011377	2022
DMPK	35770133	2022
DMPK	35767654	2022
DMPK	35575095	2022
DMPK	35567413	2022
DMPK	35243403	2022
DMPK	35182509	2022
DMPK	34976437	2022
DMPK	34513303	2021
DMPK	34432028	2021
DMPK	34372915	2021
DMPK	34371182	2021
DMPK	34262431	2021
DMPK	34114350	2021
DMPK	34025359	2021
DMPK	33682722	2021
DMPK	33624941	2021
DMPK	33575482	2021
DMPK	33526774	2021
DMPK	33497365	2021
DMPK	33363709	2020
DMPK	33235377	2020
DMPK	32929188	2020
DMPK	32717741	2020
DMPK	32656337	2020
DMPK	32607474	2020
DMPK	32350131	2020
DMPK	32203199	2020
DMPK	32109384	2020
DMPK	31873063	2019
DMPK	31649961	2019
DMPK	31624084	2019
DMPK	31570586	2019
DMPK	31316546	2019
DMPK	31253581	2019
DMPK	31227653	2019
DMPK	31164682	2019
DMPK	31005477	2019
DMPK	30891637	2019
DMPK	30425655	2018
DMPK	30216892	2018
DMPK	30140252	2018
DMPK	29967337	2018
DMPK	29947794	2018
DMPK	29664219	2018
DMPK	29592894	2018
DMPK	29551391	2018
DMPK	29381654	2018
DMPK	29334465	2018
DMPK	29246312	2017
DMPK	29114849	2017
DMPK	29029879	2017
DMPK	28886202	2017
DMPK	28810563	2017
DMPK	28782311	2017
DMPK	28623239	2017
DMPK	28617590	2017
DMPK	28435090	2017
DMPK	28211918	2017
DMPK	28129118	2017
DMPK	28102759	2017
DMPK	27854230	2016
DMPK	27727437	2016
DMPK	27245480	2016
DMPK	27222292	2016
DMPK	26708183	2015
DMPK	26586700	2015
DMPK	26190529	2015
DMPK	25958258	2015
DMPK	25712547	2015
DMPK	25655594	2015
DMPK	25606394	2015
DMPK	25495904	2014
DMPK	25307018	2014
DMPK	25303993	2014
DMPK	24824895	2014
DMPK	24781112	2014
DMPK	24715907	2014
DMPK	24455202	2014
DMPK	24269018	2013
DMPK	23933738	2013
DMPK	23319325	2013
DMPK	23209425	2012
DMPK	23161457	2012
DMPK	23159592	2012
DMPK	22643181	2012
DMPK	22459146	2012
DMPK	22427994	2012
DMPK	22078098	2011
DMPK	22062891	2011
DMPK	21949239	2011
DMPK	21303839	2011
DMPK	21245981	2011
DMPK	21204798	2011
DMPK	20801043	2010
DMPK	20644219	2010
DMPK	20603324	2010
DMPK	20179953	2010
DMPK	20171614	2010
DMPK	20074967	2010
DMPK	19946639	2009
DMPK	19715468	2009
DMPK	19632331	2009
DMPK	19627641	2009
DMPK	19470458	2009
DMPK	18772697	2008
DMPK	18729234	2008
DMPK	18611984	2008
DMPK	18563724	2008
DMPK	18561181	2008
DMPK	18559347	2008
DMPK	18299519	2008
DMPK	18228241	2008
DMPK	18213375	2008
DMPK	18184345	2008
DMPK	17987120	2007
DMPK	17950578	2007
DMPK	17728322	2007
DMPK	17645799	2007
DMPK	17487865	2007
DMPK	17158949	2006
DMPK	16978612	2006
DMPK	16927100	2006
DMPK	16716318	2006
DMPK	16421126	2006
DMPK	16401743	2006
DMPK	16376058	2005
DMPK	16193250	2005
DMPK	16027111	2005
DMPK	15972723	2005
DMPK	15961406	2005
DMPK	15750273	2005
DMPK	15684391	2005
DMPK	15576360	2004
DMPK	15462191	2004
DMPK	15459182	2004
DMPK	15336691	2004
DMPK	15215218	2004
DMPK	15114529	2004
DMPK	15103717	2004
DMPK	15019706	2004
DMPK	14734627	2004
DMPK	14701736	2004
DMPK	14678805	2003
DMPK	14597103	2003
DMPK	12630069	2003
DMPK	12614928	2003
DMPK	12427866	2002
DMPK	11978764	2002
DMPK	11809728	2002
DMPK	11726559	2001
DMPK	11686919	2001
DMPK	11592825	2001
DMPK	11590133	2001
DMPK	11555624	2001
DMPK	11526199	2001
DMPK	11260612	2001
DMPK	10970838	2000
DMPK	10958655	2000
DMPK	10951446	2000
DMPK	10927802	2000
DMPK	10909850	2000
DMPK	10802668	2000
DMPK	10802667	2000
DMPK	10797405	2000
DMPK	10767343	2000
DMPK	10699184	2000
DMPK	10434869	1999
DMPK	10332037	1999
DMPK	9887331	1999
DMPK	9776468	1998
DMPK	9604547	1998
DMPK	9537423	1998
DMPK	9401353	1997
DMPK	9294109	1997
DMPK	9241283	1997
DMPK	9241282	1997
DMPK	9121457	1997
DMPK	9120013	1997
DMPK	8948631	1996
DMPK	8673131	1996
DMPK	8659513	1996
DMPK	8608167	1996
DMPK	8595416	1995
DMPK	7626046	1995
DMPK	7590731	1995
DMPK	7726160	1995
DMPK	7896884	1995
DMPK	7825567	1995
DMPK	8288237	1993
EIF4A3	29112243	2017
FGF14	38058854	2023
FGF14	37916889	2023
FGF14	37646005	2023
FGF14	37578187	2023
FGF14	37399286	2023
FGF14	37322040	2023
FGF14	37165652	2023
FGF14	36516086	2022
FGF14	36493768	2022
FGF14	32717741	2020
FGF14	30017992	2018
FGF14	28444220	2017
FGF14	26677414	2015
FGF14	15470364	2004
FGF14	15148151	2004
FMR1	38164622	2024
FMR1	38162443	2024
FMR1	38142803	2023
FMR1	38134876	2023
FMR1	37970883	2023
FMR1	37936174	2023
FMR1	37906407	2023
FMR1	37776526	2023
FMR1	37628570	2023
FMR1	37583466	2023
FMR1	37551886	2023
FMR1	37551173	2023
FMR1	37508562	2023
FMR1	37352983	2023
FMR1	37209683	2023
FMR1	37146135	2023
FMR1	36882476	2023
FMR1	36816716	2023
FMR1	36227727	2022
FMR1	35948990	2022
FMR1	35904811	2022
FMR1	35729184	2022
FMR1	35701103	2022
FMR1	35609145	2022
FMR1	35182509	2022
FMR1	35152460	2022
FMR1	35038595	2022
FMR1	34938155	2021
FMR1	34926684	2021
FMR1	34924936	2021
FMR1	34880790	2021
FMR1	34828275	2021
FMR1	34738199	2021
FMR1	34690787	2021
FMR1	34679478	2021
FMR1	34646309	2021
FMR1	34641814	2021
FMR1	34641644	2021
FMR1	34542254	2021
FMR1	34372915	2021
FMR1	34321326	2021
FMR1	34296199	2021
FMR1	34193467	2021
FMR1	34153466	2021
FMR1	34117786	2021
FMR1	34111553	2021
FMR1	34077515	2021
FMR1	34054431	2021
FMR1	33998336	2021
FMR1	33854084	2021
FMR1	33709078	2021
FMR1	33692361	2021
FMR1	33642901	2021
FMR1	33585555	2021
FMR1	33523882	2021
FMR1	33381520	2021
FMR1	33374331	2020
FMR1	33296661	2020
FMR1	33181255	2020
FMR1	33151065	2020
FMR1	33008014	2020
FMR1	32716213	2020
FMR1	32695777	2020
FMR1	32688058	2020
FMR1	32589669	2020
FMR1	32446918	2020
FMR1	32281281	2020
FMR1	32258228	2020
FMR1	31991700	2020
FMR1	31989181	2020
FMR1	31891607	2020
FMR1	31880363	2019
FMR1	31866572	2019
FMR1	31671347	2019
FMR1	31665086	2019
FMR1	31586348	2019
FMR1	31586346	2019
FMR1	31481131	2019
FMR1	31468394	2019
FMR1	31347257	2019
FMR1	31336350	2019
FMR1	31332380	2019
FMR1	31294106	2019
FMR1	31264835	2019
FMR1	31159589	2019
FMR1	31096929	2019
FMR1	31026518	2019
FMR1	30984240	2019
FMR1	30900173	2019
FMR1	30847793	2019
FMR1	30840878	2019
FMR1	30832215	2019
FMR1	30808398	2019
FMR1	30606610	2019
FMR1	30567555	2018
FMR1	30566867	2018
FMR1	30538724	2018
FMR1	30396881	2018
FMR1	30396281	2018
FMR1	30312299	2018
FMR1	30311737	2018
FMR1	30173918	2018
FMR1	30158855	2018
FMR1	30147707	2018
FMR1	29990673	2018
FMR1	29971092	2018
FMR1	29932473	2018
FMR1	29766042	2018
FMR1	29760651	2018
FMR1	29449030	2018
FMR1	29379561	2018
FMR1	29316893	2018
FMR1	29275276	2017
FMR1	29209628	2017
FMR1	29188551	2017
FMR1	28967713	2017
FMR1	28895261	2017
FMR1	28829283	2017
FMR1	28815939	2017
FMR1	28697590	2017
FMR1	28504725	2017
FMR1	28391068	2017
FMR1	28369393	2017
FMR1	28278294	2017
FMR1	28233916	2017
FMR1	28173181	2017
FMR1	28005950	2016
FMR1	27883256	2016
FMR1	27841182	2016
FMR1	27841172	2016
FMR1	27840045	2016
FMR1	27784894	2016
FMR1	27768763	2016
FMR1	27761921	2016
FMR1	27713816	2016
FMR1	27696642	2016
FMR1	27696273	2016
FMR1	27540028	2016
FMR1	27427765	2016
FMR1	27375073	2016
FMR1	27372099	2016
FMR1	27335370	2016
FMR1	27041225	2016
FMR1	27001315	2016
FMR1	26825750	2016
FMR1	26716517	2015
FMR1	26694146	2015
FMR1	26554012	2015
FMR1	26537920	2015
FMR1	26463479	2015
FMR1	26440889	2015
FMR1	26420841	2015
FMR1	26322075	2015
FMR1	26298472	2015
FMR1	26194536	2015
FMR1	26099177	2015
FMR1	26029703	2015
FMR1	25954027	2015
FMR1	25953684	2015
FMR1	25886163	2015
FMR1	25875842	2015
FMR1	25788698	2015
FMR1	25776194	2015
FMR1	25763861	2015
FMR1	25726753	2015
FMR1	25693964	2015
FMR1	25436181	2014
FMR1	25366135	2014
FMR1	25179629	2014
FMR1	25171808	2014
FMR1	25170346	2014
FMR1	25147555	2014
FMR1	25093044	2014
FMR1	25085749	2014
FMR1	25013385	2014
FMR1	24998620	2014
FMR1	24963073	2014
FMR1	24920338	2014
FMR1	24875778	2014
FMR1	24858908	2014
FMR1	24821701	2014
FMR1	24816393	2014
FMR1	24787137	2014
FMR1	24763282	2014
FMR1	24743386	2014
FMR1	24718368	2014
FMR1	24715853	2014
FMR1	24657592	2014
FMR1	24630283	2014
FMR1	24578575	2014
FMR1	24455203	2014
FMR1	24448548	2014
FMR1	24424424	2014
FMR1	24352881	2013
FMR1	24289922	2013
FMR1	24249225	2013
FMR1	24130133	2013
FMR1	23792063	2013
FMR1	23719910	2013
FMR1	23602499	2013
FMR1	23574351	2013
FMR1	23553633	2013
FMR1	23497562	2013
FMR1	23250915	2012
FMR1	23198693	2012
FMR1	23146966	2012
FMR1	23015788	2012
FMR1	22924671	2012
FMR1	22887750	2012
FMR1	22796595	2012
FMR1	26105452	2012
FMR1	22707411	2012
FMR1	22612820	2012
FMR1	22507827	2012
FMR1	22489017	2012
FMR1	22466801	2012
FMR1	22393900	2012
FMR1	22387066	2012
FMR1	22241100	2012
FMR1	22224633	2012
FMR1	22223546	2012
FMR1	22177572	2011
FMR1	22161987	2011
FMR1	22022567	2011
FMR1	22004265	2011
FMR1	21807882	2011
FMR1	21775729	2011
FMR1	21671049	2011
FMR1	21636656	2011
FMR1	21617890	2011
FMR1	21572337	2011
FMR1	21567456	2011
FMR1	21499798	2011
FMR1	21476992	2011
FMR1	21329465	2011
FMR1	21267007	2011
FMR1	21254876	2011
FMR1	21170301	2010
FMR1	21051337	2010
FMR1	20935171	2010
FMR1	20858229	2010
FMR1	20801083	2010
FMR1	20799337	2010
FMR1	20616364	2010
FMR1	20431035	2010
FMR1	20364100	2010
FMR1	20221430	2010
FMR1	20213777	2010
FMR1	20118148	2010
FMR1	20051238	2010
FMR1	20011099	2009
FMR1	20001115	2009
FMR1	19927162	2009
FMR1	19846466	2009
FMR1	19804849	2009
FMR1	19796183	2009
FMR1	19710035	2009
FMR1	19514725	2009
FMR1	19460937	2009
FMR1	19204162	2009
FMR1	19097038	2008
FMR1	19045956	2008
FMR1	19026394	2008
FMR1	18565783	2008
FMR1	18413472	2008
FMR1	18403614	2008
FMR1	18384775	2008
FMR1	18373410	2008
FMR1	18310361	2008
FMR1	18165971	2008
FMR1	18165276	2008
FMR1	18160412	2007
FMR1	17724287	2007
FMR1	17674408	2007
FMR1	17635840	2007
FMR1	17591512	2007
FMR1	17442505	2007
FMR1	17427188	2007
FMR1	17295053	2007
FMR1	17279084	2007
FMR1	17266074	2007
FMR1	17060569	2006
FMR1	16780889	2006
FMR1	16258159	2005
FMR1	16164596	2005
FMR1	16047092	2005
FMR1	16047089	2005
FMR1	15876460	2005
FMR1	15811008	2005
FMR1	15741991	2005
FMR1	15649335	2005
FMR1	15483045	2004
FMR1	15377638	2004
FMR1	14755444	2004
FMR1	14722156	2004
FMR1	14560307	2003
FMR1	14517952	2003
FMR1	12681986	2003
FMR1	12515381	2003
FMR1	12111644	2002
FMR1	11886710	2002
FMR1	11807410	2002
FMR1	11487573	2001
FMR1	11410685	2001
FMR1	11256870	2001
FMR1	11229516	2001
FMR1	11073538	2000
FMR1	11070156	2000
FMR1	10995510	2000
FMR1	10987654	2000
FMR1	10941804	2000
FMR1	10915764	2000
FMR1	10855793	2000
FMR1	10780779	2000
FMR1	10710419	2000
FMR1	10674158	2000
FMR1	10631132	2000
FMR1	10567518	1999
FMR1	10521303	1999
FMR1	10447261	1999
FMR1	10445321	1999
FMR1	10424820	1999
FMR1	10409756	1999
FMR1	10331601	1999
FMR1	10331600	1999
FMR1	9916838	1999
FMR1	9856500	1998
FMR1	9811938	1998
FMR1	9792200	1998
FMR1	9738717	1998
FMR1	9624140	1998
FMR1	9630071	1998
FMR1	9603608	1998
FMR1	9529778	1998
FMR1	9514250	1998
FMR1	9507388	1998
FMR1	9415473	1998
FMR1	9399905	1997
FMR1	9358013	1997
FMR1	9341861	1997
FMR1	9254854	1997
FMR1	9207038	1997
FMR1	9640603	1997
FMR1	9131013	1996
FMR1	8798682	1996
FMR1	8792813	1996
FMR1	8844064	1996
FMR1	8755928	1996
FMR1	8673086	1996
FMR1	8626781	1996
FMR1	8589687	1995
FMR1	8579216	1995
FMR1	7732383	1995
FMR1	8750357	1995
FMR1	7881407	1994
FMR1	8023854	1994
FMR1	8275089	1993
FMR1	7692601	1993
FMR1	8242066	1993
FMR1	8334699	1993
FOXL2	7633459	1995
FXN	38141359	2023
FXN	37585105	2023
FXN	37006329	2023
FXN	36928898	2023
FXN	36780807	2023
FXN	36777637	2023
FXN	36638893	2023
FXN	36635061	2023
FXN	36618024	2023
FXN	36511872	2022
FXN	36369844	2022
FXN	36133907	2022
FXN	36036008	2022
FXN	35850241	2022
FXN	35301072	2022
FXN	35182509	2022
FXN	34920960	2021
FXN	34849883	2021
FXN	34747814	2021
FXN	34643298	2021
FXN	34600502	2021
FXN	34408077	2021
FXN	34372915	2021
FXN	34299126	2021
FXN	34214898	2021
FXN	33820410	2021
FXN	33629768	2021
FXN	33624863	2021
FXN	33592237	2021
FXN	33529321	2021
FXN	33354116	2020
FXN	33028632	2020
FXN	32746884	2020
FXN	32744307	2020
FXN	32717741	2020
FXN	32582297	2020
FXN	32481586	2020
FXN	32291635	2020
FXN	31911468	2020
FXN	31877117	2019
FXN	31673878	2019
FXN	31650522	2019
FXN	31279523	2019
FXN	30874991	2019
FXN	30828501	2019
FXN	30761510	2019
FXN	30635474	2019
FXN	30596685	2019
FXN	30590615	2018
FXN	30552117	2018
FXN	30519163	2018
FXN	30464193	2018
FXN	30237783	2018
FXN	30076049	2018
FXN	30065630	2018
FXN	29666341	2018
FXN	29529236	2018
FXN	29339698	2018
FXN	29070698	2017
FXN	28904984	2017
FXN	28812047	2017
FXN	28716278	2017
FXN	28282710	2017
FXN	28109580	2017
FXN	27518705	2016
FXN	27668106	2016
FXN	27644330	2016
FXN	27522354	2016
FXN	27425605	2016
FXN	27386501	2016
FXN	27228352	2016
FXN	27206881	2016
FXN	27142428	2016
FXN	28392990	2016
FXN	26704351	2015
FXN	26379101	2015
FXN	26339677	2015
FXN	26338206	2015
FXN	26301374	2015
FXN	26099177	2015
FXN	25845763	2015
FXN	25831023	2015
FXN	25681319	2015
FXN	25616511	2015
FXN	25198290	2014
FXN	25022367	2014
FXN	24971578	2014
FXN	24962209	2014
FXN	24858524	2014
FXN	24816001	2014
FXN	24787137	2014
FXN	24714088	2014
FXN	24691413	2014
FXN	24667739	2014
FXN	24665325	2014
FXN	24613765	2014
FXN	24586819	2014
FXN	24455203	2014
FXN	24327207	2013
FXN	24209901	2013
FXN	24023969	2013
FXN	23996585	2013
FXN	23943791	2013
FXN	23922695	2013
FXN	23879205	2013
FXN	23838345	2013
FXN	23691127	2013
FXN	23625326	2013
FXN	23474817	2013
FXN	23418481	2013
FXN	23382970	2013
FXN	23280845	2013
FXN	25499576	2013
FXN	23269675	2012
FXN	22798143	2012
FXN	22787155	2012
FXN	22764244	2012
FXN	22691228	2012
FXN	22447512	2012
FXN	22414340	2012
FXN	22289650	2012
FXN	21830088	2011
FXN	21776984	2011
FXN	21486239	2011
FXN	21397024	2011
FXN	21181307	2010
FXN	21127046	2010
FXN	21051337	2010
FXN	21040903	2010
FXN	20506029	2010
FXN	20098685	2010
FXN	20090835	2010
FXN	19876374	2009
FXN	19485941	2009
FXN	19370769	2009
FXN	18597733	2008
FXN	18045775	2007
FXN	17703324	2007
FXN	28182935	2007
FXN	17262846	2007
FXN	17235301	2007
FXN	16941147	2006
FXN	16919418	2006
FXN	16644517	2006
FXN	16120311	2005
FXN	15376485	2004
FXN	15340363	2004
FXN	15233994	2004
FXN	15201464	2004
FXN	12516053	2003
FXN	12112211	2002
FXN	11843702	2002
FXN	11748752	2001
FXN	11428460	2001
FXN	11240567	2001
FXN	11071107	2000
FXN	11054139	2000
FXN	10982543	2000
FXN	10982187	2000
FXN	10969848	2000
FXN	10896266	2000
FXN	10681084	2000
FXN	10556290	1999
FXN	10077729	1999
FXN	9779809	1998
FXN	9737785	1998
FXN	9667602	1998
FXN	9443873	1998
FXN	9486868	1998
FXN	9416816	1998
FXN	9326946	1997
FXN	9339680	1997
FXN	9270667	1997
FXN	9270608	1997
FXN	9241271	1997
FXN	9177790	1997
FXN	9153531	1997
FXN	9153129	1997
FXN	10464657	1997
FXN	9331900	1997
FXN	8596916	1996
GIPC1	37923380	2023
GIPC1	36055118	2022
GIPC1	35700120	2022
GIPC1	35314910	2022
GIPC1	35152460	2022
GIPC1	35148830	2022
GIPC1	34927285	2021
GIPC1	33693509	2021
GIPC1	33558503	2021
GIPC1	33374016	2020
GIPC1	33239111	2020
GIPC1	32413282	2020
GIPC1	22521844	2012
GLS	35913761	2022
GLS	33413375	2021
GLS	30970188	2019
GLS	7729621	1995
HOXA13	32386547	2020
HOXA13	23532960	2013
HOXD13	34159400	2021
HOXD13	32386547	2020
HTT	38035176	2023
HTT	37993517	2023
HTT	37992538	2023
HTT	37855597	2023
HTT	37840138	2023
HTT	37831730	2023
HTT	37827155	2023
HTT	37761940	2023
HTT	37744022	2023
HTT	37716514	2023
HTT	37582307	2023
HTT	37535888	2023
HTT	37535222	2023
HTT	37508562	2023
HTT	37501188	2023
HTT	37481821	2023
HTT	37440569	2023
HTT	37407555	2023
HTT	37379724	2023
HTT	37352983	2023
HTT	37315918	2023
HTT	37302585	2023
HTT	37288993	2023
HTT	37248219	2023
HTT	37199581	2023
HTT	37177784	2023
HTT	37146135	2023
HTT	37117485	2023
HTT	37005488	2023
HTT	36958627	2023
HTT	36940239	2023
HTT	36902304	2023
HTT	36882476	2023
HTT	36839842	2023
HTT	36711022	2023
HTT	36599645	2023
HTT	36599142	2023
HTT	36458209	2022
HTT	36427954	2022
HTT	36417528	2022
HTT	36352624	2022
HTT	36344508	2022
HTT	36335491	2022
HTT	36285345	2022
HTT	36262216	2022
HTT	36252286	2022
HTT	36220612	2022
HTT	36098485	2022
HTT	36075537	2022
HTT	36066723	2022
HTT	36064847	2022
HTT	36009409	2022
HTT	35997316	2022
HTT	35928225	2022
HTT	35926480	2022
HTT	35914128	2022
HTT	35904811	2022
HTT	35852957	2022
HTT	35793238	2022
HTT	35661131	2022
HTT	35659303	2022
HTT	35628406	2022
HTT	35580427	2022
HTT	35443687	2022
HTT	35440014	2022
HTT	35403689	2022
HTT	35395816	2022
HTT	35379994	2022
HTT	35370826	2022
HTT	35357736	2022
HTT	35241644	2022
HTT	35224162	2022
HTT	35182509	2022
HTT	35146388	2022
HTT	35143966	2022
HTT	35099257	2022
HTT	35058188	2022
HTT	35046408	2022
HTT	35036881	2022
HTT	34970537	2022
HTT	34948242	2021
HTT	34938155	2021
HTT	34924936	2021
HTT	34718701	2021
HTT	34690787	2021
HTT	34681268	2021
HTT	34663519	2021
HTT	34658796	2021
HTT	34631219	2021
HTT	34542927	2021
HTT	34539331	2021
HTT	34520257	2021
HTT	34504195	2021
HTT	34473992	2021
HTT	34469738	2021
HTT	34390268	2021
HTT	34389718	2021
HTT	34376056	2021
HTT	34372915	2021
HTT	34366363	2021
HTT	34330701	2021
HTT	34296279	2021
HTT	34296199	2021
HTT	34216551	2021
HTT	34193467	2021
HTT	34174288	2021
HTT	34160002	2021
HTT	34153466	2021
HTT	34117786	2021
HTT	34054431	2021
HTT	33989290	2021
HTT	33949657	2021
HTT	33918672	2021
HTT	33907289	2021
HTT	33892814	2021
HTT	33824468	2021
HTT	33824466	2021
HTT	33789087	2021
HTT	33751106	2021
HTT	33731741	2021
HTT	33722743	2021
HTT	33710799	2021
HTT	33684424	2021
HTT	33681777	2021
HTT	33675499	2021
HTT	33611676	2021
HTT	33606279	2021
HTT	33602179	2021
HTT	33585555	2021
HTT	33579864	2021
HTT	33576024	2021
HTT	33567536	2021
HTT	33556538	2021
HTT	33554921	2021
HTT	33547932	2021
HTT	33517535	2021
HTT	33376800	2020
HTT	33374331	2020
HTT	33329316	2020
HTT	33310753	2020
HTT	33250715	2020
HTT	33249136	2020
HTT	33242422	2020
HTT	33209959	2020
HTT	33108594	2020
HTT	33106889	2020
HTT	33105495	2020
HTT	33044188	2020
HTT	32979507	2020
HTT	32954323	2020
HTT	32898862	2020
HTT	32876667	2020
HTT	32807001	2020
HTT	32775019	2020
HTT	32761094	2020
HTT	32741964	2020
HTT	32702387	2020
HTT	32696070	2020
HTT	32675418	2020
HTT	32661355	2020
HTT	32656337	2020
HTT	32612964	2020
HTT	32589923	2020
HTT	32580238	2020
HTT	32555394	2020
HTT	32548276	2020
HTT	32533168	2020
HTT	32500377	2020
HTT	32469433	2020
HTT	32424160	2020
HTT	32240172	2020
HTT	32179492	2020
HTT	32124191	2020
HTT	32093602	2020
HTT	32060489	2020
HTT	32043503	2020
HTT	31940111	2020
HTT	31922295	2020
HTT	31893246	2020
HTT	31891607	2020
HTT	31828084	2019
HTT	31796991	2019
HTT	31785809	2019
HTT	31725947	2019
HTT	31722751	2019
HTT	31712634	2019
HTT	31695145	2019
HTT	31614197	2019
HTT	31607598	2019
HTT	31599037	2019
HTT	31586943	2019
HTT	31586340	2019
HTT	31561381	2019
HTT	31522753	2019
HTT	31491822	2019
HTT	31481131	2019
HTT	31465962	2019
HTT	31436901	2019
HTT	31379510	2019
HTT	31365052	2019
HTT	31358992	2019
HTT	31336350	2019
HTT	31326748	2019
HTT	31302194	2019
HTT	31230722	2019
HTT	31216018	2019
HTT	31184975	2019
HTT	31138642	2019
HTT	31114543	2019
HTT	31108174	2019
HTT	31104771	2019
HTT	31079989	2019
HTT	31059641	2019
HTT	30984798	2019
HTT	30961637	2019
HTT	30867264	2019
HTT	30730308	2019
HTT	30726572	2019
HTT	30631090	2019
HTT	30624705	2019
HTT	30618600	2019
HTT	30554721	2018
HTT	30550751	2018
HTT	30396281	2018
HTT	30396032	2018
HTT	30376191	2018
HTT	30358836	2018
HTT	30336474	2018
HTT	30311737	2018
HTT	30262848	2018
HTT	30239724	2018
HTT	30194046	2018
HTT	30185623	2018
HTT	30149534	2018
HTT	30138645	2018
HTT	30126429	2018
HTT	30122542	2018
HTT	30103339	2018
HTT	30007561	2018
HTT	29984244	2018
HTT	29945620	2018
HTT	29932473	2018
HTT	29902468	2018
HTT	29881950	2018
HTT	29858077	2018
HTT	29804730	2018
HTT	29801887	2018
HTT	29791508	2018
HTT	29738460	2018
HTT	29694882	2018
HTT	29687370	2018
HTT	29682858	2018
HTT	29619771	2018
HTT	29535594	2018
HTT	29507424	2018
HTT	29480209	2018
HTT	29480205	2018
HTT	29480204	2018
HTT	29466333	2018
HTT	29462355	2018
HTT	29460498	2018
HTT	29459817	2018
HTT	29451775	2018
HTT	29441485	2018
HTT	29346421	2018
HTT	29324753	2018
HTT	29291624	2018
HTT	29264979	2017
HTT	29249939	2017
HTT	29230030	2017
HTT	29229845	2017
HTT	29212711	2017
HTT	29162692	2017
HTT	29160844	2017
HTT	29149615	2017
HTT	29046994	2017
HTT	29043641	2017
HTT	29036832	2017
HTT	28986324	2017
HTT	28971447	2017
HTT	28895261	2017
HTT	28812047	2017
HTT	28743452	2017
HTT	28729730	2017
HTT	28715425	2017
HTT	28657159	2017
HTT	28652746	2017
HTT	28642124	2017
HTT	28621522	2017
HTT	28617590	2017
HTT	28571914	2017
HTT	28494017	2017
HTT	28391068	2017
HTT	28359739	2017
HTT	28270748	2017
HTT	28266655	2017
HTT	28238795	2017
HTT	28233916	2017
HTT	28165127	2017
HTT	28153533	2017
HTT	28129107	2017
HTT	28000697	2016
HTT	27983559	2016
HTT	27818324	2016
HTT	27807286	2016
HTT	27774050	2016
HTT	27740685	2016
HTT	27710941	2016
HTT	27689620	2016
HTT	27639545	2016
HTT	27617292	2016
HTT	27611938	2016
HTT	27540492	2016
HTT	27481337	2016
HTT	27477323	2016
HTT	27425605	2016
HTT	27400454	2016
HTT	27369896	2016
HTT	27335370	2016
HTT	27335079	2016
HTT	27318215	2016
HTT	27288455	2016
HTT	27239700	2016
HTT	27221610	2016
HTT	27207688	2016
HTT	27182645	2016
HTT	27170315	2016
HTT	27085395	2016
HTT	27080129	2016
HTT	26958025	2016
HTT	26864449	2016
HTT	26834123	2016
HTT	26716517	2015
HTT	26651603	2015
HTT	26642438	2015
HTT	26621114	2015
HTT	26615955	2015
HTT	26529236	2015
HTT	26490331	2015
HTT	26439718	2015
HTT	26428929	2015
HTT	26397897	2015
HTT	26397895	2015
HTT	26378991	2015
HTT	26375764	2015
HTT	26333255	2015
HTT	26320893	2015
HTT	26298472	2015
HTT	26232222	2015
HTT	26218986	2015
HTT	26207952	2015
HTT	26201449	2015
HTT	26195796	2015
HTT	26175455	2015
HTT	26148071	2015
HTT	26148061	2015
HTT	26100538	2015
HTT	26081309	2015
HTT	26079385	2015
HTT	25990798	2015
HTT	25972145	2015
HTT	25953777	2015
HTT	25928884	2015
HTT	25917830	2015
HTT	25889241	2015
HTT	25876513	2015
HTT	25871323	2015
HTT	25859666	2015
HTT	25849618	2015
HTT	25800750	2015
HTT	25703232	2015
HTT	25687118	2015
HTT	25662336	2015
HTT	25574027	2015
HTT	25562842	2015
HTT	25464109	2014
HTT	25447411	2014
HTT	25447230	2014
HTT	25436181	2014
HTT	25385587	2014
HTT	25358814	2014
HTT	25316307	2014
HTT	25300333	2014
HTT	25300330	2014
HTT	25248608	2014
HTT	25246229	2014
HTT	25207939	2014
HTT	25179629	2014
HTT	25179309	2014
HTT	25147555	2014
HTT	25136821	2014
HTT	25101541	2014
HTT	25099302	2014
HTT	25088714	2014
HTT	25062863	2014
HTT	25035419	2014
HTT	25026978	2014
HTT	25013385	2014
HTT	24972706	2014
HTT	24951540	2014
HTT	24938402	2014
HTT	24911443	2014
HTT	24841383	2014
HTT	24825316	2014
HTT	24821701	2014
HTT	24816393	2014
HTT	24797903	2014
HTT	24788406	2014
HTT	24784230	2014
HTT	24751919	2014
HTT	24743386	2014
HTT	24728353	2014
HTT	24718368	2014
HTT	24633813	2014
HTT	24566949	2014
HTT	24459609	2014
HTT	24459107	2014
HTT	24452335	2014
HTT	24448548	2014
HTT	24390280	2014
HTT	24389360	2014
HTT	24380395	2014
HTT	24363131	2013
HTT	24359926	2013
HTT	24286237	2013
HTT	24270512	2013
HTT	24249225	2013
HTT	24192302	2013
HTT	24132904	2013
HTT	24047873	2013
HTT	24045839	2013
HTT	24022020	2013
HTT	23974869	2013
HTT	23963702	2013
HTT	23946314	2013
HTT	23906595	2013
HTT	23896435	2013
HTT	23894380	2013
HTT	23847583	2013
HTT	23775678	2013
HTT	23765727	2013
HTT	23746548	2013
HTT	23672445	2013
HTT	23644918	2013
HTT	23624566	2013
HTT	23576953	2013
HTT	23557875	2013
HTT	23553633	2013
HTT	23525903	2013
HTT	23494654	2013
HTT	23480802	2013
HTT	23443539	2013
HTT	23419892	2013
HTT	23416527	2013
HTT	23376683	2013
HTT	23372043	2013
HTT	23341618	2013
HTT	23277128	2013
HTT	25063431	2013
HTT	23198693	2012
HTT	23103021	2012
HTT	23083689	2012
HTT	22993450	2012
HTT	22985800	2012
HTT	22974690	2012
HTT	22914735	2012
HTT	22833283	2012
HTT	22814437	2012
HTT	22803944	2012
HTT	22786682	2012
HTT	22750057	2012
HTT	22748968	2012
HTT	22668780	2012
HTT	22649062	2012
HTT	22623107	2012
HTT	22613578	2012
HTT	22589249	2012
HTT	22580959	2012
HTT	22542623	2012
HTT	22489017	2012
HTT	26307259	2012
HTT	22454241	2012
HTT	22425717	2012
HTT	22397573	2012
HTT	22387017	2012
HTT	22367996	2012
HTT	22323755	2012
HTT	22216210	2012
HTT	22210241	2012
HTT	23925262	2012
HTT	22179316	2011
HTT	22124413	2011
HTT	22072678	2011
HTT	22011578	2011
HTT	22004265	2011
HTT	21989477	2011
HTT	21951270	2011
HTT	21915913	2011
HTT	21909428	2011
HTT	21897851	2011
HTT	21887706	2011
HTT	21854390	2011
HTT	21811303	2011
HTT	21672921	2011
HTT	21671049	2011
HTT	21617890	2011
HTT	21572337	2011
HTT	21566259	2011
HTT	21562248	2011
HTT	21555070	2011
HTT	21540131	2011
HTT	21519949	2011
HTT	21509658	2011
HTT	21507249	2011
HTT	21476992	2011
HTT	21297956	2011
HTT	21247881	2011
HTT	22832606	2011
HTT	21177255	2010
HTT	21170307	2010
HTT	21037797	2010
HTT	21037796	2010
HTT	20935170	2010
HTT	20919768	2010
HTT	24868381	2010
HTT	20858229	2010
HTT	20799337	2010
HTT	20655708	2010
HTT	20616364	2010
HTT	20569486	2010
HTT	20552561	2010
HTT	20403608	2010
HTT	20360314	2010
HTT	20221430	2010
HTT	20213777	2010
HTT	20118148	2010
HTT	20011099	2009
HTT	19956633	2009
HTT	19927162	2009
HTT	19895335	2009
HTT	19857538	2009
HTT	19810823	2009
HTT	19804849	2009
HTT	19796183	2009
HTT	19776381	2009
HTT	19676101	2009
HTT	19649213	2009
HTT	19621255	2009
HTT	19608540	2009
HTT	19595623	2009
HTT	19587282	2009
HTT	19586540	2009
HTT	19573560	2009
HTT	19573298	2009
HTT	21048629	2009
HTT	19514725	2009
HTT	19484127	2009
HTT	19460937	2009
HTT	19455596	2009
HTT	19293338	2009
HTT	19204162	2009
HTT	19193881	2009
HTT	19133136	2009
HTT	19130884	2009
HTT	19026394	2008
HTT	19018237	2008
HTT	19014073	2008
HTT	18986359	2008
HTT	18854207	2008
HTT	18844975	2008
HTT	18838927	2008
HTT	18688140	2008
HTT	18502655	2008
HTT	18441666	2008
HTT	18430257	2008
HTT	18413472	2008
HTT	18403212	2008
HTT	18403126	2008
HTT	18398004	2008
HTT	18387780	2008
HTT	18373410	2008
HTT	18369452	2008
HTT	18349696	2008
HTT	18314311	2008
HTT	18299573	2008
HTT	18204817	2008
HTT	18197081	2008
HTT	18192679	2008
HTT	18165971	2008
HTT	18165276	2008
HTT	18158109	2007
HTT	18157708	2007
HTT	18057558	2007
HTT	18004675	2007
HTT	17931433	2007
HTT	17726644	2007
HTT	17724287	2007
HTT	17687393	2007
HTT	17665004	2007
HTT	17653274	2007
HTT	17635840	2007
HTT	17627386	2007
HTT	17591512	2007
HTT	17569088	2007
HTT	17562929	2007
HTT	17548158	2007
HTT	17493035	2007
HTT	17478887	2007
HTT	17432702	2007
HTT	17427188	2007
HTT	17383831	2007
HTT	17356014	2007
HTT	17352933	2007
HTT	17352931	2007
HTT	17352930	2007
HTT	17299512	2007
HTT	17295053	2007
HTT	17293170	2007
HTT	17279084	2007
HTT	17266074	2007
HTT	17183717	2006
HTT	17181545	2006
HTT	17174018	2006
HTT	17151167	2006
HTT	17060569	2006
HTT	17055784	2006
HTT	17018277	2006
HTT	16987871	2006
HTT	16914060	2006
HTT	16858508	2006
HTT	16780889	2006
HTT	16772330	2006
HTT	16751280	2006
HTT	16690085	2006
HTT	16687439	2006
HTT	16626669	2006
HTT	16600988	2006
HTT	16564426	2006
HTT	16515395	2006
HTT	16395126	2006
HTT	16385455	2005
HTT	16321399	2005
HTT	16258159	2005
HTT	16221531	2005
HTT	16159402	2005
HTT	16125146	2005
HTT	16111888	2005
HTT	16091490	2005
HTT	16082690	2005
HTT	16047092	2005
HTT	16040812	2005
HTT	16033418	2005
HTT	16007623	2005
HTT	15986189	2005
HTT	15954918	2005
HTT	15906159	2005
HTT	15848234	2005
HTT	15832309	2005
HTT	15824357	2005
HTT	15811941	2005
HTT	15811008	2005
HTT	15764008	2005
HTT	15758168	2005
HTT	15722951	2005
HTT	15710038	2005
HTT	15704211	2005
HTT	15649335	2005
HTT	15635668	2005
HTT	15578606	2004
HTT	15531095	2004
HTT	15496672	2004
HTT	15483045	2004
HTT	15468075	2004
HTT	15379887	2004
HTT	15361494	2004
HTT	15300851	2004
HTT	15229244	2004
HTT	15211622	2004
HTT	15201464	2004
HTT	15201455	2004
HTT	15147313	2004
HTT	15094787	2004
HTT	14999077	2004
HTT	14722156	2004
HTT	14708029	2004
HTT	14625278	2003
HTT	14625025	2003
HTT	12966525	2003
HTT	12886033	2003
HTT	12824708	2003
HTT	12805114	2003
HTT	12783847	2003
HTT	12782968	2003
HTT	12757707	2003
HTT	12700167	2003
HTT	12646731	2003
HTT	12599191	2003
HTT	12576549	2003
HTT	12554681	2003
HTT	12438470	2002
HTT	12384775	2002
HTT	12223581	2002
HTT	12218657	2002
HTT	12208565	2002
HTT	12177311	2002
HTT	12123845	2002
HTT	12097805	2002
HTT	12058345	2002
HTT	11979062	2002
HTT	11920857	2002
HTT	11920155	2002
HTT	11914418	2002
HTT	11807410	2002
HTT	11761463	2002
HTT	11741397	2001
HTT	11689489	2001
HTT	11668635	2001
HTT	11607033	2001
HTT	11593450	2001
HTT	11592850	2001
HTT	11562783	2001
HTT	11558794	2001
HTT	11552131	2001
HTT	11532992	2001
HTT	11524486	2001
HTT	11494364	2001
HTT	11487573	2001
HTT	11483245	2001
HTT	11447283	2001
HTT	11386982	2001
HTT	11409734	2001
HTT	11406606	2001
HTT	11317220	2001
HTT	11260214	2001
HTT	22034471	2001
HTT	11106399	2000
HTT	11063736	2000
HTT	11040449	2000
HTT	11030759	2000
HTT	11017075	2000
HTT	11009201	2000
HTT	10995510	2000
HTT	10964480	2000
HTT	10915764	2000
HTT	10814708	2000
HTT	10802667	2000
HTT	10780268	2000
HTT	10777718	2000
HTT	10770860	2000
HTT	10766906	2000
HTT	10677308	2000
HTT	10712225	2000
HTT	10631644	2000
HTT	10631132	2000
HTT	10611371	1999
HTT	10581038	1999
HTT	10567518	1999
HTT	10522893	1999
HTT	10489045	1999
HTT	10478585	1999
HTT	10434303	1999
HTT	10434295	1999
HTT	10405095	1999
HTT	10377012	1999
HTT	10333377	1999
HTT	10200309	1999
HTT	10196370	1999
HTT	10196368	1999
HTT	10090893	1999
HTT	10090478	1999
HTT	10082833	1999
HTT	10052816	1999
HTT	10023115	1999
HTT	9949199	1999
HTT	9932964	1999
HTT	9916838	1999
HTT	9811938	1998
HTT	9806905	1998
HTT	9806825	1998
HTT	9792871	1998
HTT	9768849	1998
HTT	9732460	1998
HTT	9684917	1998
HTT	9674805	1998
HTT	9666478	1998
HTT	9624140	1998
HTT	9611675	1998
HTT	9527890	1998
HTT	9536082	1998
HTT	9514585	1998
HTT	9514579	1998
HTT	9439509	1998
HTT	9399905	1997
HTT	9399688	1997
HTT	9398841	1997
HTT	9339688	1997
HTT	9382098	1997
HTT	9267033	1997
HTT	9152833	1997
HTT	9150744	1997
HTT	9108071	1997
HTT	9106534	1997
HTT	9143014	1997
HTT	10462592	1997
HTT	9054945	1997
HTT	9048911	1997
HTT	9401013	1997
HTT	9002673	1997
HTT	9384710	1996
HTT	8931689	1996
HTT	9131013	1996
HTT	8898202	1996
HTT	8912795	1996
HTT	8673086	1996
HTT	8678115	1996
HTT	8714530	1996
HTT	8985734	1996
HTT	8766138	1996
HTT	8557266	1996
HTT	7576661	1995
HTT	7485156	1995
HTT	7568002	1995
HTT	8544189	1995
HTT	7639626	1995
HTT	7484060	1995
HTT	7774020	1995
HTT	7762562	1995
HTT	7732383	1995
HTT	7896884	1995
HTT	7634532	1995
HTT	9173995	1994
HTT	7969980	1994
HTT	7959696	1994
HTT	7915776	1994
HTT	8208412	1994
HTT	8162059	1994
HTT	7865169	1994
HTT	8133508	1993
HTT	8087617	1993
HTT	7692601	1993
HTT	8401588	1993
HTT	8100164	1993
HTT	1483691	1992
HTT	1284594	1992
HTT	2227942	1990
HTT	2577470	1989
HTT	2740347	1989
HTT	2521771	1989
JPH3	37379724	2023
JPH3	35926480	2022
JPH3	33824468	2021
JPH3	33044188	2020
JPH3	32675418	2020
JPH3	29801887	2018
JPH3	27400454	2016
JPH3	27288455	2016
JPH3	26079385	2015
JPH3	24269018	2013
JPH3	22447335	2012
JPH3	22367996	2012
JPH3	21555070	2011
JPH3	16858508	2006
JPH3	15764008	2005
JPH3	15468075	2004
JPH3	14557581	2003
JPH3	12805114	2003
JPH3	11906164	2002
JPH3	11694876	2001
LRP12	37923380	2023
LRP12	37864208	2023
LRP12	37339631	2023
LRP12	36052448	2022
LRP12	35700120	2022
LRP12	35314910	2022
LRP12	35152460	2022
LRP12	35148830	2022
LRP12	34927285	2021
LRP12	34047774	2021
LRP12	33693509	2021
LRP12	33374016	2020
LRP12	33239111	2020
LRP12	31332380	2019
LRP12	27072820	2016
MARCHF6	33040085	2020
MARCHF6	31664039	2019
NIPA1	37043475	2023
NIPA1	35869263	2022
NIPA1	34179866	2021
NIPA1	33414559	2021
NIPA1	32954321	2020
NIPA1	31286297	2019
NIPA1	30342764	2018
NIPA1	26777436	2016
NIPA1	24866401	2014
NIPA1	22378146	2012
NIPA1	11839840	2002
NIPA1	10987648	2000
NIPA1	9736780	1998
NOP56	37810464	2023
NOP56	37332636	2023
NOP56	37051597	2023
NOP56	36599645	2023
NOP56	36530930	2022
NOP56	35599735	2022
NOP56	35077744	2022
NOP56	34179866	2021
NOP56	33705846	2021
NOP56	32989102	2020
NOP56	32407596	2020
NOP56	32375063	2020
NOP56	32375043	2020
NOP56	32270466	2020
NOP56	31737797	2019
NOP56	30610877	2019
NOP56	30109267	2018
NOP56	29316893	2018
NOP56	28918022	2017
NOP56	28761930	2017
NOP56	27123487	2016
NOP56	26661328	2015
NOP56	25476002	2014
NOP56	24985895	2014
NOP56	24269018	2013
NOP56	22744658	2012
NOP56	22492559	2012
NOP56	21683323	2011
NOTCH2NLC	38145851	2023
NOTCH2NLC	37975799	2023
NOTCH2NLC	37923380	2023
NOTCH2NLC	37864208	2023
NOTCH2NLC	37823700	2023
NOTCH2NLC	37644522	2023
NOTCH2NLC	37371433	2023
NOTCH2NLC	37365282	2023
NOTCH2NLC	37271829	2023
NOTCH2NLC	37237429	2023
NOTCH2NLC	37184590	2023
NOTCH2NLC	37131242	2023
NOTCH2NLC	37090934	2023
NOTCH2NLC	37001413	2023
NOTCH2NLC	36948577	2023
NOTCH2NLC	36942588	2023
NOTCH2NLC	36825461	2023
NOTCH2NLC	36823368	2023
NOTCH2NLC	36809423	2023
NOTCH2NLC	36715780	2023
NOTCH2NLC	36672065	2023
NOTCH2NLC	36621630	2023
NOTCH2NLC	36588885	2023
NOTCH2NLC	36570826	2022
NOTCH2NLC	36545534	2022
NOTCH2NLC	36458450	2022
NOTCH2NLC	36417528	2022
NOTCH2NLC	36263606	2022
NOTCH2NLC	36216675	2022
NOTCH2NLC	36207023	2022
NOTCH2NLC	36191230	2022
NOTCH2NLC	36172483	2022
NOTCH2NLC	36086903	2022
NOTCH2NLC	36061987	2022
NOTCH2NLC	36041634	2022
NOTCH2NLC	35974122	2022
NOTCH2NLC	35857137	2022
NOTCH2NLC	35838850	2022
NOTCH2NLC	35788208	2022
NOTCH2NLC	35772299	2022
NOTCH2NLC	35700120	2022
NOTCH2NLC	35419641	2022
NOTCH2NLC	35411397	2022
NOTCH2NLC	35402653	2022
NOTCH2NLC	35366689	2022
NOTCH2NLC	35314910	2022
NOTCH2NLC	35297556	2022
NOTCH2NLC	35152460	2022
NOTCH2NLC	35148830	2022
NOTCH2NLC	35147270	2022
NOTCH2NLC	34927285	2021
NOTCH2NLC	34797461	2021
NOTCH2NLC	34774111	2021
NOTCH2NLC	34750918	2021
NOTCH2NLC	34694469	2021
NOTCH2NLC	34675106	2021
NOTCH2NLC	34641814	2021
NOTCH2NLC	34392981	2021
NOTCH2NLC	34306035	2021
NOTCH2NLC	34243731	2021
NOTCH2NLC	34054431	2021
NOTCH2NLC	34017298	2021
NOTCH2NLC	33943039	2021
NOTCH2NLC	33887199	2021
NOTCH2NLC	33871559	2021
NOTCH2NLC	33871549	2021
NOTCH2NLC	33766934	2021
NOTCH2NLC	33693509	2021
NOTCH2NLC	33626493	2021
NOTCH2NLC	33625684	2021
NOTCH2NLC	33388663	2021
NOTCH2NLC	33239111	2020
NOTCH2NLC	33026126	2020
NOTCH2NLC	33016348	2020
NOTCH2NLC	32989102	2020
NOTCH2NLC	32931575	2020
NOTCH2NLC	32852534	2020
NOTCH2NLC	32827029	2020
NOTCH2NLC	32777174	2020
NOTCH2NLC	32768149	2020
NOTCH2NLC	32602554	2020
NOTCH2NLC	32535679	2020
NOTCH2NLC	32495371	2020
NOTCH2NLC	32268889	2020
NOTCH2NLC	32250060	2020
NOTCH2NLC	32081467	2020
NOTCH2NLC	31886491	2019
NOTCH2NLC	31819945	2019
NOTCH2NLC	31433517	2019
NOTCH2NLC	31413119	2019
NOTCH2NLC	31332381	2019
NOTCH2NLC	31332380	2019
NOTCH2NLC	31178126	2019
NUTM2B-AS1	35152460	2022
PABPN1	37698929	2023
PABPN1	37559347	2023
PABPN1	36790141	2023
PABPN1	34927285	2021
PABPN1	34225694	2021
PABPN1	34047774	2021
PABPN1	31294444	2019
PABPN1	30455479	2018
PABPN1	28361972	2017
PABPN1	26428746	2015
PABPN1	23793615	2013
PABPN1	23399899	2013
PABPN1	21602480	2011
PABPN1	21316245	2011
PABPN1	19101703	2008
PABPN1	17138075	2006
PABPN1	16648376	2006
PABPN1	16642034	2006
PABPN1	16481821	2006
PABPN1	15811916	2005
PABPN1	15755680	2005
PABPN1	15725589	2005
PABPN1	12673802	2003
PABPN1	11712939	2001
PABPN1	11222452	2001
PABPN1	11150975	2001
PABPN1	11087766	2000
PABPN1	11003790	2000
PABPN1	10680791	2000
PABPN1	9084936	1997
PHOX2B	38001308	2023
PHOX2B	36394266	2022
PHOX2B	35421844	2022
PHOX2B	34626313	2021
PHOX2B	34012823	2021
PHOX2B	33958749	2021
PHOX2B	33855005	2021
PHOX2B	33047879	2020
PHOX2B	31950261	2020
PHOX2B	30786110	2019
PHOX2B	30227298	2018
PHOX2B	28992836	2017
PHOX2B	28356171	2017
PHOX2B	27485184	2016
PHOX2B	26378991	2015
PHOX2B	26375764	2015
PHOX2B	26063465	2015
PHOX2B	26011159	2015
PHOX2B	25975378	2015
PHOX2B	25085640	2014
PHOX2B	24135798	2013
PHOX2B	23460419	2013
PHOX2B	23103552	2012
PHOX2B	23045564	2012
PHOX2B	22922260	2012
PHOX2B	22829249	2012
PHOX2B	22821709	2012
PHOX2B	21373876	2011
PHOX2B	18798833	2008
PHOX2B	18157832	2007
PHOX2B	16888290	2006
POLG	34600502	2021
POLG	28444220	2017
POLG	23912752	2013
POLG	20803511	2010
POLG	12036482	2002
POLG	10196696	1999
PPP2R2B	38058854	2023
PPP2R2B	33502644	2021
PPP2R2B	32675418	2020
PPP2R2B	32124191	2020
PPP2R2B	30130680	2018
PPP2R2B	29057148	2017
PPP2R2B	27864267	2016
PPP2R2B	26340331	2015
PPP2R2B	26077168	2015
PPP2R2B	25274186	2014
PPP2R2B	25085749	2014
PPP2R2B	24269018	2013
PPP2R2B	20937954	2010
PPP2R2B	20533062	2010
PPP2R2B	18940801	2008
PPP2R2B	17961920	2007
PPP2R2B	11198281	2001
PPP2R2B	11171892	2001
PRNP	37379724	2023
PRNP	35926480	2022
PRNP	35903139	2022
PRNP	35752680	2022
PRNP	35585119	2022
PRNP	33547932	2021
PRNP	31795947	2019
PRNP	31127772	2019
PRNP	30777654	2019
PRNP	30530974	2018
PRNP	29966485	2018
PRNP	28003435	2016
PRNP	27400454	2016
PRNP	25239657	2014
PRNP	23998997	2013
PRNP	21686668	2009
PRNP	18366654	2008
PRNP	16858508	2006
PRNP	15643617	2005
PRNP	12805114	2003
PRNP	12519913	2003
PRNP	11593450	2001
PRNP	9710033	1998
RAPGEF2	36092952	2022
RAPGEF2	33040085	2020
RAPGEF2	31483537	2019
RAPGEF2	30351492	2018
RAPGEF2	29507423	2018
RFC1	38145611	2023
RFC1	38062616	2023
RFC1	38054570	2023
RFC1	37917284	2023
RFC1	37892228	2023
RFC1	37853169	2023
RFC1	37660923	2023
RFC1	37578187	2023
RFC1	37476326	2023
RFC1	37460231	2023
RFC1	37450567	2023
RFC1	37399286	2023
RFC1	37165652	2023
RFC1	36753892	2023
RFC1	36705320	2023
RFC1	36381255	2022
RFC1	36289003	2022
RFC1	36250766	2022
RFC1	36227727	2022
RFC1	36088850	2022
RFC1	36061987	2022
RFC1	36046423	2022
RFC1	36034314	2022
RFC1	35884855	2022
RFC1	35883251	2022
RFC1	35864213	2022
RFC1	35585435	2022
RFC1	35502508	2022
RFC1	35355059	2022
RFC1	35253317	2022
RFC1	34600502	2021
RFC1	34537679	2021
RFC1	34101140	2021
RFC1	33940977	2021
RFC1	33884451	2021
RFC1	33807868	2021
RFC1	33745133	2021
RFC1	33666721	2021
RFC1	33495376	2021
RFC1	33188504	2020
RFC1	33103729	2020
RFC1	32939785	2020
RFC1	32910249	2020
RFC1	32873692	2020
RFC1	32851396	2020
RFC1	32694621	2020
RFC1	32582864	2020
RFC1	32066831	2020
RFC1	32040566	2020
RFC1	31824583	2019
RFC1	31817852	2019
RFC1	31370354	2019
RFC1	31230722	2019
RFC1	30926972	2019
RFC1	25648260	2015
RFC1	25007187	2014
RFC1	24686188	2014
RFC1	22086855	2011
RFC1	15457444	2004
RFC1	12556494	2003
RILPL1	37923380	2023
RILPL1	37864208	2023
RILPL1	35700120	2022
RILPL1	35148830	2022
RUNX2	37365568	2023
RUNX2	32386547	2020
RUNX2	21887706	2011
SAMD12	38059543	2023
SAMD12	37592133	2023
SAMD12	36740228	2023
SAMD12	36622139	2023
SAMD12	36092952	2022
SAMD12	33791773	2021
SAMD12	33721773	2021
SAMD12	33681653	2021
SAMD12	33501421	2021
SAMD12	33040085	2020
SAMD12	32973343	2020
SAMD12	32203200	2020
SAMD12	32194077	2020
SAMD12	32174879	2020
SAMD12	31664039	2019
SAMD12	31483537	2019
SAMD12	30559482	2018
SAMD12	30351492	2018
SAMD12	30194086	2018
SAMD12	29507423	2018
STARD7	33040085	2020
STARD7	31664034	2019
TBP	37855597	2023
TBP	37146135	2023
TBP	36599645	2023
TBP	36476347	2022
TBP	36422518	2022
TBP	35926480	2022
TBP	35868859	2022
TBP	35493319	2022
TBP	35482253	2022
TBP	35182509	2022
TBP	34906452	2021
TBP	34600502	2021
TBP	33502644	2021
TBP	33377399	2020
TBP	32675418	2020
TBP	32533168	2020
TBP	32386547	2020
TBP	32060489	2020
TBP	31940111	2020
TBP	31919387	2020
TBP	31522753	2019
TBP	30920184	2019
TBP	30617627	2019
TBP	30532692	2018
TBP	29801887	2018
TBP	29249939	2017
TBP	29057148	2017
TBP	28821675	2017
TBP	28444220	2017
TBP	28153533	2017
TBP	27400454	2016
TBP	27172828	2016
TBP	26476771	2015
TBP	26374734	2015
TBP	26077168	2015
TBP	25672822	2015
TBP	24972706	2014
TBP	24413982	2014
TBP	23665119	2013
TBP	23475385	2013
TBP	21562248	2011
TBP	21437269	2011
TBP	21078170	2010
TBP	20199210	2010
TBP	20004653	2009
TBP	19595623	2009
TBP	18952144	2008
TBP	18043721	2007
TBP	17961920	2007
TBP	17420317	2007
TBP	17273961	2007
TBP	17033685	2006
TBP	16858508	2006
TBP	16687213	2006
TBP	16626296	2006
TBP	15533937	2004
TBP	15503103	2004
TBP	15115762	2004
TBP	14967767	2004
TBP	12953269	2003
TBP	12891385	2003
TBP	12853230	2003
TBP	12805114	2003
TBP	11571212	2001
TBP	11313753	2001
TBP	10484774	1999
TBP	7892196	1995
TBP	8503450	1993
TBX1	24797903	2014
TBX1	10440825	1999
TCF4	37204786	2023
TCF4	37169279	2023
TCF4	36883248	2023
TCF4	36773096	2023
TCF4	36701310	2023
TCF4	36275201	2022
TCF4	34946954	2021
TCF4	34946867	2021
TCF4	34855896	2021
TCF4	34698281	2021
TCF4	34644448	2021
TCF4	33782268	2021
TCF4	36246012	2021
TCF4	33444430	2021
TCF4	33116252	2020
TCF4	32934897	2020
TCF4	32639312	2020
TCF4	31554942	2019
TCF4	31469403	2019
TCF4	31276570	2019
TCF4	30973406	2019
TCF4	30811544	2019
TCF4	30682148	2019
TCF4	30267097	2018
TCF4	30122888	2018
TCF4	30098193	2018
TCF4	29966009	2018
TCF4	29799290	2018
TCF4	29526280	2018
TCF4	29325021	2018
TCF4	29196769	2017
TCF4	29044056	2017
TCF4	28886202	2017
TCF4	28832669	2017
TCF4	28608272	2017
TCF4	28118661	2017
TCF4	26401622	2015
TCF4	26218914	2015
TCF4	26200491	2015
TCF4	25722209	2015
TCF4	25593321	2015
TCF4	25298419	2014
TCF4	25168903	2014
TCF4	24255041	2013
TCF4	23185296	2012
TCF4	20960280	2010
TCF4	11526470	2001
TCF4	10712198	2000
TCF4	10395212	1999
TCF4	9736780	1998
THAP11	37148549	2023
THAP11	15368101	2004
TNRC6A	36092952	2022
TNRC6A	33040085	2020
TNRC6A	31483537	2019
TNRC6A	30351492	2018
TNRC6A	29507423	2018
VWA1	33559681	2021
XYLT1	30554721	2018
YEATS2	38128822	2023
YEATS2	31539032	2019
ZFHX3	38145611	2023
ZFHX3	38035881	2023
ZFHX3	20586826	2010
ZFHX3	10855793	2000
ZNF713	25196122	2014
